area,week_no,year,date,events,weekly_total,weekly_total_pc
Carlow County,6,2020,2020-02-05,Pre-restrictions,384608,1
Carlow County,7,2020,2020-02-12,Pre-restrictions,396273,1.0303295823279808
Carlow County,8,2020,2020-02-19,Pre-restrictions,405888,1.0553290623179965
Carlow County,9,2020,2020-02-26,Pre-restrictions,356474,0.926850195523754
Carlow County,10,2020,2020-03-04,Pre-restrictions,409988,1.0659892669939264
Carlow County,11,2020,2020-03-11,Pre-restrictions,300747,0.7819572135785007
Carlow County,12,2020,2020-03-18,School Shutdown,248165,0.6452413886346617
Carlow County,13,2020,2020-03-25,School Shutdown,155438,0.4041465596139446
Carlow County,14,2020,2020-04-01,Full Restrictions,132526,0.34457421582494385
Carlow County,15,2020,2020-04-08,Full Restrictions,113793,0.29586748065562857
Carlow County,16,2020,2020-04-15,Full Restrictions,138685,0.3605879232881271
Carlow County,17,2020,2020-04-22,Full Restrictions,144982,0.3769604376404027
Carlow County,18,2020,2020-04-29,Full Restrictions,111349,0.28951295864880605
Carlow County,19,2020,2020-05-06,Full Restrictions,167340,0.43509235377319244
Carlow County,20,2020,2020-05-13,Full Restrictions,188402,0.48985460520842
Carlow County,21,2020,2020-05-20,Phase 1,220605,0.573584012813046
Carlow County,22,2020,2020-05-27,Phase 1,200555,0.5214530118978284
Carlow County,23,2020,2020-06-03,Phase 1,259658,0.6751237623762376
Carlow County,24,2020,2020-06-10,Phase 2,280328,0.7288667942424495
Carlow County,25,2020,2020-06-17,Phase 2,298977,0.7773551252184042
Carlow County,26,2020,2020-06-24,Phase 2,268921,0.6992080247940761
Carlow County,27,2020,2020-07-01,Phase 3,355277,0.9237379357683667
Carlow County,28,2020,2020-07-08,Phase 3,369511,0.9607470463432898
Carlow County,29,2020,2020-07-15,Phase 3,370721,0.9638931067476496
Carlow County,30,2020,2020-07-22,Phase 3,371325,0.9654635368999085
Carlow County,31,2020,2020-07-29,Phase 3,311404,0.8096659455861552
Carlow County,32,2020,2020-08-05,Phase 3,368821,0.9589530118978284
Carlow County,33,2020,2020-08-12,Phase 3,358908,0.933178717031367
Carlow County,34,2020,2020-08-19,Phase 3,348579,0.9063228013977869
Carlow County,35,2020,2020-08-26,Phase 3,317439,0.8253572468591397
Carlow County,36,2020,2020-09-02,Phase 3,372138,0.9675773774856478
Carlow County,37,2020,2020-09-09,Phase 3,378374,0.9837912887927448
Carlow County,38,2020,2020-09-16,Phase 3,372911,0.9695872160745487
Carlow County,39,2020,2020-09-23,Phase 3,358120,0.9311298776936517
Carlow County,40,2020,2020-09-30,Phase 3,349771,0.9094220609035694
Carlow County,41,2020,2020-10-07,Level 3,298827,0.7769651177302604
Carlow County,42,2020,2020-10-14,Level 3,300500,0.781315001248024
Carlow County,43,2020,2020-10-21,Level 5,235507,0.6123299567351693
Carlow County,44,2020,2020-10-28,Level 5,255490,0.6642867543056826
Carlow County,45,2020,2020-11-04,Level 5,90824,0.2361469340211332
Cavan County,6,2020,2020-02-05,Pre-restrictions,377672,1
Cavan County,7,2020,2020-02-12,Pre-restrictions,385976,1.021987332923807
Cavan County,8,2020,2020-02-19,Pre-restrictions,397729,1.0531069287635832
Cavan County,9,2020,2020-02-26,Pre-restrictions,342800,0.9076659111610075
Cavan County,10,2020,2020-03-04,Pre-restrictions,404026,1.0697801266707618
Cavan County,11,2020,2020-03-11,Pre-restrictions,314628,0.8330720837128514
Cavan County,12,2020,2020-03-18,School Shutdown,266957,0.7068488000169459
Cavan County,13,2020,2020-03-25,School Shutdown,160682,0.4254538329555805
Cavan County,14,2020,2020-04-01,Full Restrictions,136792,0.36219788599631425
Cavan County,15,2020,2020-04-08,Full Restrictions,114877,0.3041713444470334
Cavan County,16,2020,2020-04-15,Full Restrictions,141463,0.37456576076595566
Cavan County,17,2020,2020-04-22,Full Restrictions,149113,0.3948214323540003
Cavan County,18,2020,2020-04-29,Full Restrictions,120288,0.3184985913702896
Cavan County,19,2020,2020-05-06,Full Restrictions,173071,0.4582574297273825
Cavan County,20,2020,2020-05-13,Full Restrictions,196823,0.5211479802580017
Cavan County,21,2020,2020-05-20,Phase 1,234801,0.6217061365417611
Cavan County,22,2020,2020-05-27,Phase 1,218437,0.5783775339447986
Cavan County,23,2020,2020-06-03,Phase 1,270258,0.7155891885021923
Cavan County,24,2020,2020-06-10,Phase 2,293524,0.777192908131924
Cavan County,25,2020,2020-06-17,Phase 2,296627,0.7854090321760682
Cavan County,26,2020,2020-06-24,Phase 2,265915,0.7040897922006397
Cavan County,27,2020,2020-07-01,Phase 3,346737,0.9180903005782796
Cavan County,28,2020,2020-07-08,Phase 3,358116,0.9482196191404182
Cavan County,29,2020,2020-07-15,Phase 3,372246,0.9856330360736301
Cavan County,30,2020,2020-07-22,Phase 3,374823,0.9924564172085831
Cavan County,31,2020,2020-07-29,Phase 3,322671,0.8543683407824779
Cavan County,32,2020,2020-08-05,Phase 3,390531,1.0340480628693682
Cavan County,33,2020,2020-08-12,Phase 3,388943,1.0298433561397191
Cavan County,34,2020,2020-08-19,Phase 3,371596,0.9839119659386981
Cavan County,35,2020,2020-08-26,Phase 3,330966,0.8763318435044165
Cavan County,36,2020,2020-09-02,Phase 3,387430,1.0258372344256392
Cavan County,37,2020,2020-09-09,Phase 3,391373,1.0362775106441569
Cavan County,38,2020,2020-09-16,Phase 3,391467,1.0365264038636701
Cavan County,39,2020,2020-09-23,Phase 3,380800,1.0082823190493337
Cavan County,40,2020,2020-09-30,Phase 3,359505,0.9518974136287572
Cavan County,41,2020,2020-10-07,Level 3,305926,0.8100309263064246
Cavan County,42,2020,2020-10-14,Level 3,301293,0.7977636679446716
Cavan County,43,2020,2020-10-21,Level 5,242183,0.6412521976741723
Cavan County,44,2020,2020-10-28,Level 5,263044,0.6964879578046559
Cavan County,45,2020,2020-11-04,Level 5,91459,0.2421651591857485
Clare County,6,2020,2020-02-05,Pre-restrictions,1085791,1
Clare County,7,2020,2020-02-12,Pre-restrictions,1133841,1.0442534520916087
Clare County,8,2020,2020-02-19,Pre-restrictions,1164631,1.0726106589573867
Clare County,9,2020,2020-02-26,Pre-restrictions,1046607,0.9639120235846493
Clare County,10,2020,2020-03-04,Pre-restrictions,1140457,1.0503467057656584
Clare County,11,2020,2020-03-11,Pre-restrictions,868592,0.7999624237076933
Clare County,12,2020,2020-03-18,School Shutdown,690163,0.6356315349823308
Clare County,13,2020,2020-03-25,School Shutdown,412023,0.37946805600709527
Clare County,14,2020,2020-04-01,Full Restrictions,337777,0.31108841388444003
Clare County,15,2020,2020-04-08,Full Restrictions,278870,0.2568357998915077
Clare County,16,2020,2020-04-15,Full Restrictions,338101,0.311386813852758
Clare County,17,2020,2020-04-22,Full Restrictions,352831,0.32495296056054984
Clare County,18,2020,2020-04-29,Full Restrictions,262543,0.24179883605592606
Clare County,19,2020,2020-05-06,Full Restrictions,408127,0.37587988848682663
Clare County,20,2020,2020-05-13,Full Restrictions,461598,0.4251260141224232
Clare County,21,2020,2020-05-20,Phase 1,546827,0.5036208625785257
Clare County,22,2020,2020-05-27,Phase 1,491820,0.45296010005608817
Clare County,23,2020,2020-06-03,Phase 1,638920,0.588437369622699
Clare County,24,2020,2020-06-10,Phase 2,751686,0.6922934524231643
Clare County,25,2020,2020-06-17,Phase 2,780399,0.7187377681340147
Clare County,26,2020,2020-06-24,Phase 2,722010,0.6649622256953687
Clare County,27,2020,2020-07-01,Phase 3,974047,0.8970851664823156
Clare County,28,2020,2020-07-08,Phase 3,1038658,0.9565910934977357
Clare County,29,2020,2020-07-15,Phase 3,1092510,1.0061881153923729
Clare County,30,2020,2020-07-22,Phase 3,1088093,1.0021201133551485
Clare County,31,2020,2020-07-29,Phase 3,929511,0.8560680646643783
Clare County,32,2020,2020-08-05,Phase 3,1161373,1.0696100814981888
Clare County,33,2020,2020-08-12,Phase 3,1139565,1.0495251848652274
Clare County,34,2020,2020-08-19,Phase 3,1050551,0.9675443985076317
Clare County,35,2020,2020-08-26,Phase 3,908129,0.8363755087305016
Clare County,36,2020,2020-09-02,Phase 3,1010239,0.9304175481285072
Clare County,37,2020,2020-09-09,Phase 3,1037216,0.9552630294412092
Clare County,38,2020,2020-09-16,Phase 3,1069821,0.9852918287221021
Clare County,39,2020,2020-09-23,Phase 3,1029299,0.9479715709561048
Clare County,40,2020,2020-09-30,Phase 3,967859,0.891386095482464
Clare County,41,2020,2020-10-07,Level 3,739516,0.6810850338601075
Clare County,42,2020,2020-10-14,Level 3,756704,0.6969149679818676
Clare County,43,2020,2020-10-21,Level 5,567528,0.5226862259864007
Clare County,44,2020,2020-10-28,Level 5,612740,0.5643259153925572
Clare County,45,2020,2020-11-04,Level 5,221656,0.20414241783179268
Cork City,6,2020,2020-02-05,Pre-restrictions,1277783,1
Cork City,7,2020,2020-02-12,Pre-restrictions,1291549,1.010773347274146
Cork City,8,2020,2020-02-19,Pre-restrictions,1313649,1.0280689287617695
Cork City,9,2020,2020-02-26,Pre-restrictions,1167400,0.9136136574050523
Cork City,10,2020,2020-03-04,Pre-restrictions,1304105,1.020599741896707
Cork City,11,2020,2020-03-11,Pre-restrictions,968057,0.7576067297811914
Cork City,12,2020,2020-03-18,School Shutdown,839863,0.6572814006760146
Cork City,13,2020,2020-03-25,School Shutdown,505434,0.3955554268604293
Cork City,14,2020,2020-04-01,Full Restrictions,418585,0.32758692203605777
Cork City,15,2020,2020-04-08,Full Restrictions,353040,0.27629104472355637
Cork City,16,2020,2020-04-15,Full Restrictions,426857,0.33406063470871034
Cork City,17,2020,2020-04-22,Full Restrictions,452450,0.3540898571979749
Cork City,18,2020,2020-04-29,Full Restrictions,348807,0.27297827565400384
Cork City,19,2020,2020-05-06,Full Restrictions,526087,0.41171857819363694
Cork City,20,2020,2020-05-13,Full Restrictions,607657,0.47555570859840834
Cork City,21,2020,2020-05-20,Phase 1,758889,0.593910703147561
Cork City,22,2020,2020-05-27,Phase 1,675850,0.5289239252674358
Cork City,23,2020,2020-06-03,Phase 1,889072,0.6957926345866239
Cork City,24,2020,2020-06-10,Phase 2,993475,0.7774989963084499
Cork City,25,2020,2020-06-17,Phase 2,1033036,0.8084596523822902
Cork City,26,2020,2020-06-24,Phase 2,905503,0.7086516255107479
Cork City,27,2020,2020-07-01,Phase 3,1126291,0.8814415280215812
Cork City,28,2020,2020-07-08,Phase 3,1144675,0.895828947481693
Cork City,29,2020,2020-07-15,Phase 3,1159068,0.9070929884025691
Cork City,30,2020,2020-07-22,Phase 3,1151907,0.9014887504372808
Cork City,31,2020,2020-07-29,Phase 3,916019,0.7168815049190669
Cork City,32,2020,2020-08-05,Phase 3,1161596,0.9090714150994339
Cork City,33,2020,2020-08-12,Phase 3,1154442,0.9034726553726259
Cork City,34,2020,2020-08-19,Phase 3,1135129,0.8883581954056362
Cork City,35,2020,2020-08-26,Phase 3,1017432,0.796247876204332
Cork City,36,2020,2020-09-02,Phase 3,1185594,0.9278523818207004
Cork City,37,2020,2020-09-09,Phase 3,1192577,0.9333173160074911
Cork City,38,2020,2020-09-16,Phase 3,1195189,0.9353614815661189
Cork City,39,2020,2020-09-23,Phase 3,1185368,0.9276755129783383
Cork City,40,2020,2020-09-30,Phase 3,1161741,0.9091848928965247
Cork City,41,2020,2020-10-07,Level 3,1092156,0.8547272893754261
Cork City,42,2020,2020-10-14,Level 3,1092254,0.8548039847141494
Cork City,43,2020,2020-10-21,Level 5,764402,0.5982252072535008
Cork City,44,2020,2020-10-28,Level 5,762404,0.59666156147014
Cork City,45,2020,2020-11-04,Level 5,293171,0.2294372362130346
Cork County,6,2020,2020-02-05,Pre-restrictions,5128701,1
Cork County,7,2020,2020-02-12,Pre-restrictions,5141365,1.0024692412367187
Cork County,8,2020,2020-02-19,Pre-restrictions,5322114,1.0377118884489465
Cork County,9,2020,2020-02-26,Pre-restrictions,4724226,0.9211350008510927
Cork County,10,2020,2020-03-04,Pre-restrictions,5192305,1.0124015808291418
Cork County,11,2020,2020-03-11,Pre-restrictions,3962567,0.7726258559428596
Cork County,12,2020,2020-03-18,School Shutdown,3400060,0.6629475962821775
Cork County,13,2020,2020-03-25,School Shutdown,2061684,0.40198950962436686
Cork County,14,2020,2020-04-01,Full Restrictions,1669573,0.32553525736828876
Cork County,15,2020,2020-04-08,Full Restrictions,1386017,0.27024718344859644
Cork County,16,2020,2020-04-15,Full Restrictions,1693299,0.3301613800453565
Cork County,17,2020,2020-04-22,Full Restrictions,1775010,0.3460934844905172
Cork County,18,2020,2020-04-29,Full Restrictions,1356369,0.26446638242315157
Cork County,19,2020,2020-05-06,Full Restrictions,2064878,0.40261227940564287
Cork County,20,2020,2020-05-13,Full Restrictions,2352796,0.45875086108548735
Cork County,21,2020,2020-05-20,Phase 1,2904620,0.5663461371602673
Cork County,22,2020,2020-05-27,Phase 1,2642445,0.5152269551295737
Cork County,23,2020,2020-06-03,Phase 1,3490669,0.6806146429670983
Cork County,24,2020,2020-06-10,Phase 2,3937734,0.7677838891368399
Cork County,25,2020,2020-06-17,Phase 2,4150369,0.8092437051799276
Cork County,26,2020,2020-06-24,Phase 2,3713595,0.7240810099867393
Cork County,27,2020,2020-07-01,Phase 3,4676823,0.9118923095731258
Cork County,28,2020,2020-07-08,Phase 3,4771192,0.9302924853681274
Cork County,29,2020,2020-07-15,Phase 3,4930579,0.961369945333136
Cork County,30,2020,2020-07-22,Phase 3,4899546,0.9553190954200683
Cork County,31,2020,2020-07-29,Phase 3,3939533,0.7681346602190301
Cork County,32,2020,2020-08-05,Phase 3,5011278,0.9771047288582431
Cork County,33,2020,2020-08-12,Phase 3,4900969,0.9555965535912505
Cork County,34,2020,2020-08-19,Phase 3,4790404,0.9340384631508056
Cork County,35,2020,2020-08-26,Phase 3,4250895,0.8288443798926862
Cork County,36,2020,2020-09-02,Phase 3,4925513,0.9603821708459901
Cork County,37,2020,2020-09-09,Phase 3,4964522,0.9679881903819311
Cork County,38,2020,2020-09-16,Phase 3,5013550,0.9775477260226323
Cork County,39,2020,2020-09-23,Phase 3,5034962,0.9817226623271663
Cork County,40,2020,2020-09-30,Phase 3,5182051,1.0104022441550014
Cork County,41,2020,2020-10-07,Level 3,4730792,0.9224152470576857
Cork County,42,2020,2020-10-14,Level 3,4756103,0.9273504148516359
Cork County,43,2020,2020-10-21,Level 5,3288157,0.6411286210679858
Cork County,44,2020,2020-10-28,Level 5,3486354,0.6797732993208222
Cork County,45,2020,2020-11-04,Level 5,1259850,0.24564699716360927
Donegal County,6,2020,2020-02-05,Pre-restrictions,683082,1
Donegal County,7,2020,2020-02-12,Pre-restrictions,705888,1.0333869140161795
Donegal County,8,2020,2020-02-19,Pre-restrictions,687078,1.0058499565205934
Donegal County,9,2020,2020-02-26,Pre-restrictions,619826,0.9073961837671026
Donegal County,10,2020,2020-03-04,Pre-restrictions,729960,1.0686271926357305
Donegal County,11,2020,2020-03-11,Pre-restrictions,602131,0.8814915339593197
Donegal County,12,2020,2020-03-18,School Shutdown,497645,0.7285289321047839
Donegal County,13,2020,2020-03-25,School Shutdown,282442,0.41348183673409633
Donegal County,14,2020,2020-04-01,Full Restrictions,244805,0.35838303454050907
Donegal County,15,2020,2020-04-08,Full Restrictions,197610,0.2892917687773942
Donegal County,16,2020,2020-04-15,Full Restrictions,248824,0.3642666619820168
Donegal County,17,2020,2020-04-22,Full Restrictions,264329,0.38696525453752256
Donegal County,18,2020,2020-04-29,Full Restrictions,206584,0.3024292837463145
Donegal County,19,2020,2020-05-06,Full Restrictions,302501,0.4428472716306388
Donegal County,20,2020,2020-05-13,Full Restrictions,349182,0.5111860655089726
Donegal County,21,2020,2020-05-20,Phase 1,414542,0.6068700390289892
Donegal County,22,2020,2020-05-27,Phase 1,394888,0.5780975051311555
Donegal County,23,2020,2020-06-03,Phase 1,485668,0.7109951660269191
Donegal County,24,2020,2020-06-10,Phase 2,572790,0.8385376865442217
Donegal County,25,2020,2020-06-17,Phase 2,598524,0.8762110551881034
Donegal County,26,2020,2020-06-24,Phase 2,534346,0.7822574742124664
Donegal County,27,2020,2020-07-01,Phase 3,709766,1.0390641240729517
Donegal County,28,2020,2020-07-08,Phase 3,785314,1.1496628516049319
Donegal County,29,2020,2020-07-15,Phase 3,798247,1.168596156830366
Donegal County,30,2020,2020-07-22,Phase 3,800009,1.17117564216302
Donegal County,31,2020,2020-07-29,Phase 3,687201,1.0060300227498309
Donegal County,32,2020,2020-08-05,Phase 3,854422,1.2508337212809004
Donegal County,33,2020,2020-08-12,Phase 3,861284,1.2608793673380356
Donegal County,34,2020,2020-08-19,Phase 3,770758,1.1283535505254128
Donegal County,35,2020,2020-08-26,Phase 3,675969,0.9895869017189737
Donegal County,36,2020,2020-09-02,Phase 3,732164,1.071853745231173
Donegal County,37,2020,2020-09-09,Phase 3,739243,1.0822170691073691
Donegal County,38,2020,2020-09-16,Phase 3,732468,1.0722987869684752
Donegal County,39,2020,2020-09-23,Phase 3,597568,0.874811516040534
Donegal County,40,2020,2020-09-30,Phase 3,505030,0.7393402256244492
Donegal County,41,2020,2020-10-07,Level 3,525249,0.7689398930143087
Donegal County,42,2020,2020-10-14,Level 3,525755,0.7696806532744238
Donegal County,43,2020,2020-10-21,Level 5,427190,0.6253861176257023
Donegal County,44,2020,2020-10-28,Level 5,453030,0.6632146652964066
Donegal County,45,2020,2020-11-04,Level 5,158614,0.2322034543436952
Dublin City,6,2020,2020-02-05,Pre-restrictions,298522,1
Dublin City,7,2020,2020-02-12,Pre-restrictions,295385,0.9894915617609422
Dublin City,8,2020,2020-02-19,Pre-restrictions,299649,1.0037752661445387
Dublin City,9,2020,2020-02-26,Pre-restrictions,256431,0.8590020166017915
Dublin City,10,2020,2020-03-04,Pre-restrictions,292573,0.9800718205023415
Dublin City,11,2020,2020-03-11,Pre-restrictions,225646,0.7558772887760367
Dublin City,12,2020,2020-03-18,School Shutdown,170197,0.5701321845626118
Dublin City,13,2020,2020-03-25,School Shutdown,99411,0.33301063238220296
Dublin City,14,2020,2020-04-01,Full Restrictions,82820,0.2774334889890862
Dublin City,15,2020,2020-04-08,Full Restrictions,73182,0.2451477613040245
Dublin City,16,2020,2020-04-15,Full Restrictions,85785,0.28736575528771746
Dublin City,17,2020,2020-04-22,Full Restrictions,90777,0.30408814090753783
Dublin City,18,2020,2020-04-29,Full Restrictions,73212,0.24524825640991282
Dublin City,19,2020,2020-05-06,Full Restrictions,105082,0.3520075572319628
Dublin City,20,2020,2020-05-13,Full Restrictions,119089,0.39892872217123027
Dublin City,21,2020,2020-05-20,Phase 1,141898,0.4753351511781376
Dublin City,22,2020,2020-05-27,Phase 1,127694,0.42775406837687
Dublin City,23,2020,2020-06-03,Phase 1,160276,0.5368984530453367
Dublin City,24,2020,2020-06-10,Phase 2,186256,0.623927214744642
Dublin City,25,2020,2020-06-17,Phase 2,194603,0.651888303039642
Dublin City,26,2020,2020-06-24,Phase 2,171639,0.5749626493189781
Dublin City,27,2020,2020-07-01,Phase 3,215817,0.7229517422501525
Dublin City,28,2020,2020-07-08,Phase 3,220044,0.73711150266982
Dublin City,29,2020,2020-07-15,Phase 3,225553,0.7555657539477827
Dublin City,30,2020,2020-07-22,Phase 3,224121,0.7507687875600458
Dublin City,31,2020,2020-07-29,Phase 3,184293,0.6173514849826813
Dublin City,32,2020,2020-08-05,Phase 3,227031,0.7605168128312151
Dublin City,33,2020,2020-08-12,Phase 3,228491,0.7654075746511145
Dublin City,34,2020,2020-08-19,Phase 3,227178,0.761009238850068
Dublin City,35,2020,2020-08-26,Phase 3,198996,0.6666041363785583
Dublin City,36,2020,2020-09-02,Phase 3,230535,0.7722546411989736
Dublin City,37,2020,2020-09-09,Phase 3,232614,0.7792189520370358
Dublin City,38,2020,2020-09-16,Phase 3,219245,0.7344349830163271
Dublin City,39,2020,2020-09-23,Phase 3,213839,0.7163257649352477
Dublin City,40,2020,2020-09-30,Phase 3,210948,0.7066413865644743
Dublin City,41,2020,2020-10-07,Level 3,211966,0.7100515204909521
Dublin City,42,2020,2020-10-14,Level 3,211868,0.7097232364783835
Dublin City,43,2020,2020-10-21,Level 5,164975,0.5526393364643142
Dublin City,44,2020,2020-10-28,Level 5,174212,0.583581779567335
Dublin City,45,2020,2020-11-04,Level 5,58401,0.19563382263283777
Dún Laoghaire-Rathdown,6,2020,2020-02-05,Pre-restrictions,3719962,1
Dún Laoghaire-Rathdown,7,2020,2020-02-12,Pre-restrictions,3779475,1.0159982817028776
Dún Laoghaire-Rathdown,8,2020,2020-02-19,Pre-restrictions,3825197,1.0282892674710118
Dún Laoghaire-Rathdown,9,2020,2020-02-26,Pre-restrictions,3408335,0.9162284453443341
Dún Laoghaire-Rathdown,10,2020,2020-03-04,Pre-restrictions,3894569,1.0469378450640088
Dún Laoghaire-Rathdown,11,2020,2020-03-11,Pre-restrictions,3069550,0.8251562784781135
Dún Laoghaire-Rathdown,12,2020,2020-03-18,School Shutdown,2578538,0.6931624570358514
Dún Laoghaire-Rathdown,13,2020,2020-03-25,School Shutdown,1361689,0.36604916931947157
Dún Laoghaire-Rathdown,14,2020,2020-04-01,Full Restrictions,973255,0.2616303607402441
Dún Laoghaire-Rathdown,15,2020,2020-04-08,Full Restrictions,789606,0.21226184568552045
Dún Laoghaire-Rathdown,16,2020,2020-04-15,Full Restrictions,1000652,0.26899522091892336
Dún Laoghaire-Rathdown,17,2020,2020-04-22,Full Restrictions,1060282,0.2850249545559874
Dún Laoghaire-Rathdown,18,2020,2020-04-29,Full Restrictions,813446,0.2186705133009423
Dún Laoghaire-Rathdown,19,2020,2020-05-06,Full Restrictions,1273252,0.3422755393737893
Dún Laoghaire-Rathdown,20,2020,2020-05-13,Full Restrictions,1541461,0.41437546942683823
Dún Laoghaire-Rathdown,21,2020,2020-05-20,Phase 1,2009420,0.5401721845545734
Dún Laoghaire-Rathdown,22,2020,2020-05-27,Phase 1,1895578,0.5095691837712321
Dún Laoghaire-Rathdown,23,2020,2020-06-03,Phase 1,2451624,0.6590454418620405
Dún Laoghaire-Rathdown,24,2020,2020-06-10,Phase 2,2933527,0.7885905823769167
Dún Laoghaire-Rathdown,25,2020,2020-06-17,Phase 2,3096438,0.8323843093020843
Dún Laoghaire-Rathdown,26,2020,2020-06-24,Phase 2,2827487,0.7600849148459043
Dún Laoghaire-Rathdown,27,2020,2020-07-01,Phase 3,3516927,0.945420141388541
Dún Laoghaire-Rathdown,28,2020,2020-07-08,Phase 3,3628122,0.9753115757634083
Dún Laoghaire-Rathdown,29,2020,2020-07-15,Phase 3,3778370,1.0157012356577837
Dún Laoghaire-Rathdown,30,2020,2020-07-22,Phase 3,3656047,0.9828183728758519
Dún Laoghaire-Rathdown,31,2020,2020-07-29,Phase 3,3069746,0.8252089671883746
Dún Laoghaire-Rathdown,32,2020,2020-08-05,Phase 3,3723252,1.0008844176365241
Dún Laoghaire-Rathdown,33,2020,2020-08-12,Phase 3,3620757,0.9733317168293655
Dún Laoghaire-Rathdown,34,2020,2020-08-19,Phase 3,3541893,0.9521315002680135
Dún Laoghaire-Rathdown,35,2020,2020-08-26,Phase 3,2750741,0.7394540589393117
Dún Laoghaire-Rathdown,36,2020,2020-09-02,Phase 3,3114204,0.8371601645393152
Dún Laoghaire-Rathdown,37,2020,2020-09-09,Phase 3,3319127,0.8922475552169619
Dún Laoghaire-Rathdown,38,2020,2020-09-16,Phase 3,3371968,0.9064522702113623
Dún Laoghaire-Rathdown,39,2020,2020-09-23,Phase 3,3236703,0.8700903396325016
Dún Laoghaire-Rathdown,40,2020,2020-09-30,Phase 3,3180966,0.8551071220619996
Dún Laoghaire-Rathdown,41,2020,2020-10-07,Level 3,2425447,0.65200854202274106
Dún Laoghaire-Rathdown,42,2020,2020-10-14,Level 3,2880973,0.7744630187082556
Dún Laoghaire-Rathdown,43,2020,2020-10-21,Level 5,1841986,0.4951625849941478
Dún Laoghaire-Rathdown,44,2020,2020-10-28,Level 5,1996305,0.5366466109062404
Dún Laoghaire-Rathdown,45,2020,2020-11-04,Level 5,719051,0.19329525409130524
Fingal,6,2020,2020-02-05,Pre-restrictions,8748723,1
Fingal,7,2020,2020-02-12,Pre-restrictions,8845245,1.0110326958574412
Fingal,8,2020,2020-02-19,Pre-restrictions,8999269,1.0286380080841513
Fingal,9,2020,2020-02-26,Pre-restrictions,7918714,0.9051279826781577
Fingal,10,2020,2020-03-04,Pre-restrictions,8909451,1.0183715954888501
Fingal,11,2020,2020-03-11,Pre-restrictions,6783090,0.7753234386321295
Fingal,12,2020,2020-03-18,School Shutdown,5598683,0.6399428808067189
Fingal,13,2020,2020-03-25,School Shutdown,3267194,0.37344810208301255
Fingal,14,2020,2020-04-01,Full Restrictions,2624949,0.3000379598256797
Fingal,15,2020,2020-04-08,Full Restrictions,2202966,0.25180429189494286
Fingal,16,2020,2020-04-15,Full Restrictions,2691320,0.3076243241442208
Fingal,17,2020,2020-04-22,Full Restrictions,2840090,0.3246290915828516
Fingal,18,2020,2020-04-29,Full Restrictions,2195493,0.2509501100903526
Fingal,19,2020,2020-05-06,Full Restrictions,3280724,0.374994613499593
Fingal,20,2020,2020-05-13,Full Restrictions,3780438,0.4321131209663399
Fingal,21,2020,2020-05-20,Phase 1,4515012,0.5160766891350886
Fingal,22,2020,2020-05-27,Phase 1,4107765,0.4695273813103924
Fingal,23,2020,2020-06-03,Phase 1,5248246,0.599887092093326
Fingal,24,2020,2020-06-10,Phase 2,6038201,0.6901808412496315
Fingal,25,2020,2020-06-17,Phase 2,6317409,0.7220949846051818
Fingal,26,2020,2020-06-24,Phase 2,5562522,0.6358095918684361
Fingal,27,2020,2020-07-01,Phase 3,7144066,0.8165838602959541
Fingal,28,2020,2020-07-08,Phase 3,7165104,0.8189885541009814
Fingal,29,2020,2020-07-15,Phase 3,7245696,0.8282004127916726
Fingal,30,2020,2020-07-22,Phase 3,7277926,0.8318843790116569
Fingal,31,2020,2020-07-29,Phase 3,5916977,0.676324647608571
Fingal,32,2020,2020-08-05,Phase 3,7390826,0.844789119509213
Fingal,33,2020,2020-08-12,Phase 3,7363869,0.8417078698228302
Fingal,34,2020,2020-08-19,Phase 3,7282279,0.8323819373410268
Fingal,35,2020,2020-08-26,Phase 3,6321392,0.7225502510480672
Fingal,36,2020,2020-09-02,Phase 3,7330412,0.8378836545630717
Fingal,37,2020,2020-09-09,Phase 3,7047925,0.8055947136513523
Fingal,38,2020,2020-09-16,Phase 3,6672131,0.762640559085023
Fingal,39,2020,2020-09-23,Phase 3,6940044,0.7932636568788382
Fingal,40,2020,2020-09-30,Phase 3,6261869,0.7157466295366763
Fingal,41,2020,2020-10-07,Level 3,5319858,0.6080725152687998
Fingal,42,2020,2020-10-14,Level 3,5999440,0.6857503660819985
Fingal,43,2020,2020-10-21,Level 5,4545979,0.5196162914290463
Fingal,44,2020,2020-10-28,Level 5,4966641,0.5676989658947941
Fingal,45,2020,2020-11-04,Level 5,1729810,0.1977214274586131
Galway City,6,2020,2020-02-05,Pre-restrictions,160978,1
Galway City,7,2020,2020-02-12,Pre-restrictions,159219,0.9890730410366634
Galway City,8,2020,2020-02-19,Pre-restrictions,163895,1.0181204885139585
Galway City,9,2020,2020-02-26,Pre-restrictions,142652,0.8861583570425773
Galway City,10,2020,2020-03-04,Pre-restrictions,163320,1.014548571854539
Galway City,11,2020,2020-03-11,Pre-restrictions,125807,0.781516728994024
Galway City,12,2020,2020-03-18,School Shutdown,108436,0.6736075737057238
Galway City,13,2020,2020-03-25,School Shutdown,66693,0.41429884828982844
Galway City,14,2020,2020-04-01,Full Restrictions,58602,0.3640373218700692
Galway City,15,2020,2020-04-08,Full Restrictions,49250,0.3059424269154791
Galway City,16,2020,2020-04-15,Full Restrictions,59577,0.37009405011864976
Galway City,17,2020,2020-04-22,Full Restrictions,65350,0.4059560933792195
Galway City,18,2020,2020-04-29,Full Restrictions,50282,0.3123532408155152
Galway City,19,2020,2020-05-06,Full Restrictions,75204,0.46716942687820695
Galway City,20,2020,2020-05-13,Full Restrictions,85171,0.5290847196511325
Galway City,21,2020,2020-05-20,Phase 1,100767,0.6259675235125297
Galway City,22,2020,2020-05-27,Phase 1,91077,0.5657729627650984
Galway City,23,2020,2020-06-03,Phase 1,117821,0.7319074656164196
Galway City,24,2020,2020-06-10,Phase 2,129709,0.805756066046292
Galway City,25,2020,2020-06-17,Phase 2,134491,0.8354619885947148
Galway City,26,2020,2020-06-24,Phase 2,119654,0.7432941147237511
Galway City,27,2020,2020-07-01,Phase 3,147814,0.9182248506007032
Galway City,28,2020,2020-07-08,Phase 3,154265,0.9582986495049013
Galway City,29,2020,2020-07-15,Phase 3,156553,0.9725117717949037
Galway City,30,2020,2020-07-22,Phase 3,157362,0.9775373032339822
Galway City,31,2020,2020-07-29,Phase 3,129385,0.8037433686590715
Galway City,32,2020,2020-08-05,Phase 3,166667,1.035340232826846
Galway City,33,2020,2020-08-12,Phase 3,165141,1.0258606766141958
Galway City,34,2020,2020-08-19,Phase 3,159573,0.9912720992930711
Galway City,35,2020,2020-08-26,Phase 3,139335,0.8655530569394576
Galway City,36,2020,2020-09-02,Phase 3,159056,0.9880604803140802
Galway City,37,2020,2020-09-09,Phase 3,158586,0.9851408266968157
Galway City,38,2020,2020-09-16,Phase 3,163374,1.014884021419076
Galway City,39,2020,2020-09-23,Phase 3,160326,0.9959497571096672
Galway City,40,2020,2020-09-30,Phase 3,153796,0.9553852079166097
Galway City,41,2020,2020-10-07,Level 3,113738,0.7065437513200562
Galway City,42,2020,2020-10-14,Level 3,44640,0.2773049733503957
Galway City,43,2020,2020-10-21,Level 5,107716,0.6691349128452335
Galway City,44,2020,2020-10-28,Level 5,114951,0.7140789424641877
Galway City,45,2020,2020-11-04,Level 5,38414,0.23862888096510082
Galway County,6,2020,2020-02-05,Pre-restrictions,1492755,1
Galway County,7,2020,2020-02-12,Pre-restrictions,1530079,1.0250034332492606
Galway County,8,2020,2020-02-19,Pre-restrictions,1612511,1.0802248192101183
Galway County,9,2020,2020-02-26,Pre-restrictions,1416870,0.9491644643628727
Galway County,10,2020,2020-03-04,Pre-restrictions,1604397,1.0747892319905141
Galway County,11,2020,2020-03-11,Pre-restrictions,1164983,0.7804247850451012
Galway County,12,2020,2020-03-18,School Shutdown,932685,0.6248078217791935
Galway County,13,2020,2020-03-25,School Shutdown,577985,0.3871934778312583
Galway County,14,2020,2020-04-01,Full Restrictions,483351,0.3237979440698574
Galway County,15,2020,2020-04-08,Full Restrictions,413255,0.27684047281703966
Galway County,16,2020,2020-04-15,Full Restrictions,507940,0.3402701715954728
Galway County,17,2020,2020-04-22,Full Restrictions,541690,0.3628793740432958
Galway County,18,2020,2020-04-29,Full Restrictions,412840,0.27656246336471824
Galway County,19,2020,2020-05-06,Full Restrictions,625578,0.41907613774530983
Galway County,20,2020,2020-05-13,Full Restrictions,703902,0.4715455650793332
Galway County,21,2020,2020-05-20,Phase 1,817367,0.5475560289531772
Galway County,22,2020,2020-05-27,Phase 1,750614,0.5028380410717097
Galway County,23,2020,2020-06-03,Phase 1,947567,0.6347773077296677
Galway County,24,2020,2020-06-10,Phase 2,1062607,0.7118428677177434
Galway County,25,2020,2020-06-17,Phase 2,1121126,0.7510448801042368
Galway County,26,2020,2020-06-24,Phase 2,1014444,0.6795783634956841
Galway County,27,2020,2020-07-01,Phase 3,1348302,0.9032306038164334
Galway County,28,2020,2020-07-08,Phase 3,1441619,0.9657438762556481
Galway County,29,2020,2020-07-15,Phase 3,1521138,1.0190138368318982
Galway County,30,2020,2020-07-22,Phase 3,1517503,1.0165787419904806
Galway County,31,2020,2020-07-29,Phase 3,1285352,0.8610602543619014
Galway County,32,2020,2020-08-05,Phase 3,1600560,1.0722188168855573
Galway County,33,2020,2020-08-12,Phase 3,1595253,1.0686636454073173
Galway County,34,2020,2020-08-19,Phase 3,1507058,1.0095816125218138
Galway County,35,2020,2020-08-26,Phase 3,1308905,0.8768384631101553
Galway County,36,2020,2020-09-02,Phase 3,1473371,0.9870146139185599
Galway County,37,2020,2020-09-09,Phase 3,1479524,0.9911365227381587
Galway County,38,2020,2020-09-16,Phase 3,1494023,1.0008494361097433
Galway County,39,2020,2020-09-23,Phase 3,1465589,0.981801434260813
Galway County,40,2020,2020-09-30,Phase 3,1373515,0.920120850373973
Galway County,41,2020,2020-10-07,Level 3,1157916,0.7756905855281008
Galway County,42,2020,2020-10-14,Level 3,1225027,0.8206483984310888
Galway County,43,2020,2020-10-21,Level 5,900120,0.6029924535506497
Galway County,44,2020,2020-10-28,Level 5,944317,0.6326001252717292
Galway County,45,2020,2020-11-04,Level 5,300536,0.20132975605507936
Kerry County,6,2020,2020-02-05,Pre-restrictions,593419,1
Kerry County,7,2020,2020-02-12,Pre-restrictions,607151,1.0231404791555376
Kerry County,8,2020,2020-02-19,Pre-restrictions,642447,1.0826195318990461
Kerry County,9,2020,2020-02-26,Pre-restrictions,564853,0.9518620064406431
Kerry County,10,2020,2020-03-04,Pre-restrictions,641259,1.0806175737548005
Kerry County,11,2020,2020-03-11,Pre-restrictions,511351,0.8617031136515683
Kerry County,12,2020,2020-03-18,School Shutdown,413307,0.696484271652913
Kerry County,13,2020,2020-03-25,School Shutdown,247916,0.4177756357649485
Kerry County,14,2020,2020-04-01,Full Restrictions,216963,0.365615189267617
Kerry County,15,2020,2020-04-08,Full Restrictions,184425,0.3107837800946717
Kerry County,16,2020,2020-04-15,Full Restrictions,217394,0.36634148889738954
Kerry County,17,2020,2020-04-22,Full Restrictions,227424,0.38324354292666735
Kerry County,18,2020,2020-04-29,Full Restrictions,181928,0.3065759606618595
Kerry County,19,2020,2020-05-06,Full Restrictions,270755,0.4562627755430817
Kerry County,20,2020,2020-05-13,Full Restrictions,309806,0.5220695663603626
Kerry County,21,2020,2020-05-20,Phase 1,370789,0.6248350659483434
Kerry County,22,2020,2020-05-27,Phase 1,335706,0.5657149501448386
Kerry County,23,2020,2020-06-03,Phase 1,430686,0.7257704926872918
Kerry County,24,2020,2020-06-10,Phase 2,488879,0.8238344239062113
Kerry County,25,2020,2020-06-17,Phase 2,521242,0.8783709318373696
Kerry County,26,2020,2020-06-24,Phase 2,485609,0.8183239835596771
Kerry County,27,2020,2020-07-01,Phase 3,672565,1.1333728781855654
Kerry County,28,2020,2020-07-08,Phase 3,721533,1.2158913010874273
Kerry County,29,2020,2020-07-15,Phase 3,768301,1.2947023940925384
Kerry County,30,2020,2020-07-22,Phase 3,776963,1.3092991629860182
Kerry County,31,2020,2020-07-29,Phase 3,691387,1.165090770602222
Kerry County,32,2020,2020-08-05,Phase 3,835230,1.4074877953014648
Kerry County,33,2020,2020-08-12,Phase 3,806098,1.3583960068686711
Kerry County,34,2020,2020-08-19,Phase 3,755803,1.2736413899790873
Kerry County,35,2020,2020-08-26,Phase 3,650985,1.0970073421983455
Kerry County,36,2020,2020-09-02,Phase 3,716161,1.2068386755395428
Kerry County,37,2020,2020-09-09,Phase 3,722913,1.2182168080226619
Kerry County,38,2020,2020-09-16,Phase 3,726178,1.2237188226194309
Kerry County,39,2020,2020-09-23,Phase 3,688361,1.1599915068442366
Kerry County,40,2020,2020-09-30,Phase 3,646239,1.089009620521082
Kerry County,41,2020,2020-10-07,Level 3,521214,0.8783237476386836
Kerry County,42,2020,2020-10-14,Level 3,542920,0.9149016125199901
Kerry County,43,2020,2020-10-21,Level 5,388495,0.6546723310173755
Kerry County,44,2020,2020-10-28,Level 5,403505,0.6799664318129349
Kerry County,45,2020,2020-11-04,Level 5,143361,0.24158478242186382
Kildare County,6,2020,2020-02-05,Pre-restrictions,3197330,1
Kildare County,7,2020,2020-02-12,Pre-restrictions,3236493,1.0122486574735796
Kildare County,8,2020,2020-02-19,Pre-restrictions,3387314,1.0594195782105695
Kildare County,9,2020,2020-02-26,Pre-restrictions,2934318,0.9177401144079591
Kildare County,10,2020,2020-03-04,Pre-restrictions,3320792,1.0386140936343762
Kildare County,11,2020,2020-03-11,Pre-restrictions,2429753,0.7599318806629282
Kildare County,12,2020,2020-03-18,School Shutdown,2007120,0.627748777886549
Kildare County,13,2020,2020-03-25,School Shutdown,1224362,0.38293263441684156
Kildare County,14,2020,2020-04-01,Full Restrictions,970915,0.3036643074064923
Kildare County,15,2020,2020-04-08,Full Restrictions,791040,0.24740642973981417
Kildare County,16,2020,2020-04-15,Full Restrictions,997904,0.31210541295393346
Kildare County,17,2020,2020-04-22,Full Restrictions,1047211,0.3275267176050017
Kildare County,18,2020,2020-04-29,Full Restrictions,777633,0.2432132435500871
Kildare County,19,2020,2020-05-06,Full Restrictions,1223247,0.38258390594652414
Kildare County,20,2020,2020-05-13,Full Restrictions,1424963,0.4456727957389447
Kildare County,21,2020,2020-05-20,Phase 1,1734222,0.5423969374446804
Kildare County,22,2020,2020-05-27,Phase 1,1562999,0.4888450676032815
Kildare County,23,2020,2020-06-03,Phase 1,2012455,0.629417357607754
Kildare County,24,2020,2020-06-10,Phase 2,2246099,0.7024920793286898
Kildare County,25,2020,2020-06-17,Phase 2,2199209,0.6878267179177626
Kildare County,26,2020,2020-06-24,Phase 2,1971090,0.6164800005004175
Kildare County,27,2020,2020-07-01,Phase 3,2662996,0.8328811852389337
Kildare County,28,2020,2020-07-08,Phase 3,2721799,0.8512724679654586
Kildare County,29,2020,2020-07-15,Phase 3,2774709,0.8678206503551401
Kildare County,30,2020,2020-07-22,Phase 3,2796629,0.8746763705967167
Kildare County,31,2020,2020-07-29,Phase 3,2300256,0.7194302746353989
Kildare County,32,2020,2020-08-05,Phase 3,2597979,0.812546405907429
Kildare County,33,2020,2020-08-12,Phase 3,2512054,0.7856724204257928
Kildare County,34,2020,2020-08-19,Phase 3,2549625,0.7974231624511702
Kildare County,35,2020,2020-08-26,Phase 3,2246021,0.7024676839738156
Kildare County,36,2020,2020-09-02,Phase 3,2458114,0.7688020942473877
Kildare County,37,2020,2020-09-09,Phase 3,2366770,0.7402332571239127
Kildare County,38,2020,2020-09-16,Phase 3,2081330,0.650958768722653
Kildare County,39,2020,2020-09-23,Phase 3,1961690,0.6135400474771138
Kildare County,40,2020,2020-09-30,Phase 3,1717205,0.5370746841896207
Kildare County,41,2020,2020-10-07,Level 3,1444713,0.45184982469748197
Kildare County,42,2020,2020-10-14,Level 3,1574937,0.49257880794287734
Kildare County,43,2020,2020-10-21,Level 5,1160350,0.3629121798500624
Kildare County,44,2020,2020-10-28,Level 5,1261007,0.3943937597933276
Kildare County,45,2020,2020-11-04,Level 5,444473,0.13901380214116152
Kilkenny County,6,2020,2020-02-05,Pre-restrictions,848080,1
Kilkenny County,7,2020,2020-02-12,Pre-restrictions,871570,1.0276978586925762
Kilkenny County,8,2020,2020-02-19,Pre-restrictions,913579,1.0772321007452128
Kilkenny County,9,2020,2020-02-26,Pre-restrictions,798044,0.9410008489765116
Kilkenny County,10,2020,2020-03-04,Pre-restrictions,903521,1.065372370531082
Kilkenny County,11,2020,2020-03-11,Pre-restrictions,668432,0.7881709272710121
Kilkenny County,12,2020,2020-03-18,School Shutdown,555539,0.6550549476464484
Kilkenny County,13,2020,2020-03-25,School Shutdown,346976,0.40913121403641167
Kilkenny County,14,2020,2020-04-01,Full Restrictions,297411,0.35068743514762757
Kilkenny County,15,2020,2020-04-08,Full Restrictions,249111,0.2937352608244505
Kilkenny County,16,2020,2020-04-15,Full Restrictions,306396,0.36128195453259127
Kilkenny County,17,2020,2020-04-22,Full Restrictions,321654,0.3792731817753042
Kilkenny County,18,2020,2020-04-29,Full Restrictions,238960,0.2817658711442317
Kilkenny County,19,2020,2020-05-06,Full Restrictions,364876,0.43023771342326195
Kilkenny County,20,2020,2020-05-13,Full Restrictions,409752,0.4831525327799264
Kilkenny County,21,2020,2020-05-20,Phase 1,478373,0.5640658900103763
Kilkenny County,22,2020,2020-05-27,Phase 1,427684,0.5042967644561834
Kilkenny County,23,2020,2020-06-03,Phase 1,542185,0.6393087916234318
Kilkenny County,24,2020,2020-06-10,Phase 2,606954,0.715680124516555
Kilkenny County,25,2020,2020-06-17,Phase 2,645739,0.7614128384114706
Kilkenny County,26,2020,2020-06-24,Phase 2,602500,0.7104282614847656
Kilkenny County,27,2020,2020-07-01,Phase 3,799154,0.9423096877653052
Kilkenny County,28,2020,2020-07-08,Phase 3,837685,0.9877429016130553
Kilkenny County,29,2020,2020-07-15,Phase 3,880348,1.0380482973304406
Kilkenny County,30,2020,2020-07-22,Phase 3,861259,1.015539807565324
Kilkenny County,31,2020,2020-07-29,Phase 3,731656,0.8627204980662202
Kilkenny County,32,2020,2020-08-05,Phase 3,882584,1.040684841052731
Kilkenny County,33,2020,2020-08-12,Phase 3,849489,1.001661399867937
Kilkenny County,34,2020,2020-08-19,Phase 3,812319,0.9578329874540138
Kilkenny County,35,2020,2020-08-26,Phase 3,728437,0.8589248655787189
Kilkenny County,36,2020,2020-09-02,Phase 3,880771,1.0385470710310347
Kilkenny County,37,2020,2020-09-09,Phase 3,904773,1.0668486463541176
Kilkenny County,38,2020,2020-09-16,Phase 3,906870,1.0693212904442977
Kilkenny County,39,2020,2020-09-23,Phase 3,845802,0.9973139326478634
Kilkenny County,40,2020,2020-09-30,Phase 3,805570,0.9498750117913405
Kilkenny County,41,2020,2020-10-07,Level 3,680362,0.8022379964154325
Kilkenny County,42,2020,2020-10-14,Level 3,690282,0.813935006131497
Kilkenny County,43,2020,2020-10-21,Level 5,519457,0.6125094330723516
Kilkenny County,44,2020,2020-10-28,Level 5,574339,0.6772226676728611
Kilkenny County,45,2020,2020-11-04,Level 5,208900,0.2463211017828507
Laois County,6,2020,2020-02-05,Pre-restrictions,1257314,1
Laois County,7,2020,2020-02-12,Pre-restrictions,1276109,1.0149485331428745
Laois County,8,2020,2020-02-19,Pre-restrictions,1370225,1.0898033426813032
Laois County,9,2020,2020-02-26,Pre-restrictions,1176927,0.9360644994011043
Laois County,10,2020,2020-03-04,Pre-restrictions,1330838,1.058477039148534
Laois County,11,2020,2020-03-11,Pre-restrictions,984560,0.7830661234981874
Laois County,12,2020,2020-03-18,School Shutdown,749229,0.5958964904550494
Laois County,13,2020,2020-03-25,School Shutdown,459824,0.36571930321303986
Laois County,14,2020,2020-04-01,Full Restrictions,370955,0.2950376755528054
Laois County,15,2020,2020-04-08,Full Restrictions,304028,0.2418075357468381
Laois County,16,2020,2020-04-15,Full Restrictions,376143,0.29916393200107533
Laois County,17,2020,2020-04-22,Full Restrictions,395107,0.31424687866356377
Laois County,18,2020,2020-04-29,Full Restrictions,297542,0.23664891984023084
Laois County,19,2020,2020-05-06,Full Restrictions,466983,0.37141318715929356
Laois County,20,2020,2020-05-13,Full Restrictions,539220,0.42886661565845924
Laois County,21,2020,2020-05-20,Phase 1,640725,0.5095982387852199
Laois County,22,2020,2020-05-27,Phase 1,581444,0.4624493165589503
Laois County,23,2020,2020-06-03,Phase 1,738860,0.587649544982399
Laois County,24,2020,2020-06-10,Phase 2,822924,0.6545095338157374
Laois County,25,2020,2020-06-17,Phase 2,891756,0.7092548082658747
Laois County,26,2020,2020-06-24,Phase 2,851083,0.6769056894300072
Laois County,27,2020,2020-07-01,Phase 3,1088223,0.8655141038754043
Laois County,28,2020,2020-07-08,Phase 3,1117810,0.8890460139630991
Laois County,29,2020,2020-07-15,Phase 3,1153372,0.9173301180134795
Laois County,30,2020,2020-07-22,Phase 3,1182681,0.9406409218381406
Laois County,31,2020,2020-07-29,Phase 3,1003836,0.7983972181968864
Laois County,32,2020,2020-08-05,Phase 3,1120480,0.8911695885037468
Laois County,33,2020,2020-08-12,Phase 3,1095572,0.87135910361294
Laois County,34,2020,2020-08-19,Phase 3,1102544,0.8769042578067213
Laois County,35,2020,2020-08-26,Phase 3,960023,0.7635507120735154
Laois County,36,2020,2020-09-02,Phase 3,1114868,0.8867061052370371
Laois County,37,2020,2020-09-09,Phase 3,1139739,0.9064871623158575
Laois County,38,2020,2020-09-16,Phase 3,1076210,0.8559596091350291
Laois County,39,2020,2020-09-23,Phase 3,994509,0.7909790235374775
Laois County,40,2020,2020-09-30,Phase 3,952696,0.7577232099539176
Laois County,41,2020,2020-10-07,Level 3,787501,0.6263359828968739
Laois County,42,2020,2020-10-14,Level 3,815963,0.6489731284309249
Laois County,43,2020,2020-10-21,Level 5,679391,0.5403510976573871
Laois County,44,2020,2020-10-28,Level 5,700523,0.5571583550330307
Laois County,45,2020,2020-11-04,Level 5,214183,0.17034965012717587
Leitrim County,6,2020,2020-02-05,Pre-restrictions,96496,1
Leitrim County,7,2020,2020-02-12,Pre-restrictions,99971,1.036011855413696
Leitrim County,8,2020,2020-02-19,Pre-restrictions,102941,1.0667903332780633
Leitrim County,9,2020,2020-02-26,Pre-restrictions,86752,0.8990217211076107
Leitrim County,10,2020,2020-03-04,Pre-restrictions,103209,1.0695676504725584
Leitrim County,11,2020,2020-03-11,Pre-restrictions,80659,0.8358792074282871
Leitrim County,12,2020,2020-03-18,School Shutdown,65781,0.6816966506383685
Leitrim County,13,2020,2020-03-25,School Shutdown,40018,0.414711490631736
Leitrim County,14,2020,2020-04-01,Full Restrictions,33418,0.34631487315536397
Leitrim County,15,2020,2020-04-08,Full Restrictions,28665,0.297058945448516
Leitrim County,16,2020,2020-04-15,Full Restrictions,33435,0.3464910462609849
Leitrim County,17,2020,2020-04-22,Full Restrictions,35944,0.37249212402586634
Leitrim County,18,2020,2020-04-29,Full Restrictions,27613,0.2861569391477367
Leitrim County,19,2020,2020-05-06,Full Restrictions,41105,0.4259762062676173
Leitrim County,20,2020,2020-05-13,Full Restrictions,46664,0.4835848118056707
Leitrim County,21,2020,2020-05-20,Phase 1,55553,0.5757026197977119
Leitrim County,22,2020,2020-05-27,Phase 1,50832,0.5267783120543856
Leitrim County,23,2020,2020-06-03,Phase 1,63772,0.6608771348035152
Leitrim County,24,2020,2020-06-10,Phase 2,72106,0.747243409053225
Leitrim County,25,2020,2020-06-17,Phase 2,76459,0.7923540872160504
Leitrim County,26,2020,2020-06-24,Phase 2,70959,0.7353569059857403
Leitrim County,27,2020,2020-07-01,Phase 3,100641,1.0429551483999338
Leitrim County,28,2020,2020-07-08,Phase 3,111436,1.1548250704692422
Leitrim County,29,2020,2020-07-15,Phase 3,114629,1.1879145249544023
Leitrim County,30,2020,2020-07-22,Phase 3,117203,1.2145892057701875
Leitrim County,31,2020,2020-07-29,Phase 3,104673,1.084739263803681
Leitrim County,32,2020,2020-08-05,Phase 3,127696,1.323329464433759
Leitrim County,33,2020,2020-08-12,Phase 3,124037,1.2854107942298125
Leitrim County,34,2020,2020-08-19,Phase 3,113538,1.1766083568230807
Leitrim County,35,2020,2020-08-26,Phase 3,97457,1.0099589620295142
Leitrim County,36,2020,2020-09-02,Phase 3,106007,1.0985636710329962
Leitrim County,37,2020,2020-09-09,Phase 3,106149,1.1000352346211242
Leitrim County,38,2020,2020-09-16,Phase 3,107906,1.1182432432432432
Leitrim County,39,2020,2020-09-23,Phase 3,88801,0.9202557618968662
Leitrim County,40,2020,2020-09-30,Phase 3,79619,0.8251015586138285
Leitrim County,41,2020,2020-10-07,Level 3,65814,0.6820386337257502
Leitrim County,42,2020,2020-10-14,Level 3,67579,0.7003295473387497
Leitrim County,43,2020,2020-10-21,Level 5,55516,0.5753191842148897
Leitrim County,44,2020,2020-10-28,Level 5,59325,0.6147923229978445
Leitrim County,45,2020,2020-11-04,Level 5,20555,0.2130140109434588
Limerick County,6,2020,2020-02-05,Pre-restrictions,1471830,1
Limerick County,7,2020,2020-02-12,Pre-restrictions,1543179,1.0484763865392064
Limerick County,8,2020,2020-02-19,Pre-restrictions,1624901,1.104000462009879
Limerick County,9,2020,2020-02-26,Pre-restrictions,1460584,0.9923591719152348
Limerick County,10,2020,2020-03-04,Pre-restrictions,1613162,1.0960246767629414
Limerick County,11,2020,2020-03-11,Pre-restrictions,1198142,0.8140491768750467
Limerick County,12,2020,2020-03-18,School Shutdown,971331,0.6599478200607407
Limerick County,13,2020,2020-03-25,School Shutdown,600293,0.4078548473668834
Limerick County,14,2020,2020-04-01,Full Restrictions,520575,0.35369234218625795
Limerick County,15,2020,2020-04-08,Full Restrictions,443477,0.30130993389182176
Limerick County,16,2020,2020-04-15,Full Restrictions,531509,0.3611211892677823
Limerick County,17,2020,2020-04-22,Full Restrictions,557812,0.3789921390377965
Limerick County,18,2020,2020-04-29,Full Restrictions,431529,0.29319214854976455
Limerick County,19,2020,2020-05-06,Full Restrictions,643421,0.43715714450717813
Limerick County,20,2020,2020-05-13,Full Restrictions,730004,0.49598391118539503
Limerick County,21,2020,2020-05-20,Phase 1,858337,0.5831767255729262
Limerick County,22,2020,2020-05-27,Phase 1,776246,0.5274019418003438
Limerick County,23,2020,2020-06-03,Phase 1,993598,0.6750766053144724
Limerick County,24,2020,2020-06-10,Phase 2,1102295,0.748928205023678
Limerick County,25,2020,2020-06-17,Phase 2,1173081,0.7970220745602413
Limerick County,26,2020,2020-06-24,Phase 2,1060151,0.7202944633551429
Limerick County,27,2020,2020-07-01,Phase 3,1371205,0.9316327293233594
Limerick County,28,2020,2020-07-08,Phase 3,1417096,0.9628122813096621
Limerick County,29,2020,2020-07-15,Phase 3,1472434,1.0004103734806329
Limerick County,30,2020,2020-07-22,Phase 3,1481851,1.0068085308765278
Limerick County,31,2020,2020-07-29,Phase 3,1231539,0.8367399767636208
Limerick County,32,2020,2020-08-05,Phase 3,1444704,0.9815698823913088
Limerick County,33,2020,2020-08-12,Phase 3,1425578,0.9685751751221269
Limerick County,34,2020,2020-08-19,Phase 3,1393979,0.9471059837073575
Limerick County,35,2020,2020-08-26,Phase 3,1206210,0.8195307882024419
Limerick County,36,2020,2020-09-02,Phase 3,1393402,0.9467139547366203
Limerick County,37,2020,2020-09-09,Phase 3,1368441,0.9297547950510588
Limerick County,38,2020,2020-09-16,Phase 3,1378302,0.9364546177207965
Limerick County,39,2020,2020-09-23,Phase 3,1361022,0.9247141313874564
Limerick County,40,2020,2020-09-30,Phase 3,1320067,0.8968882275806309
Limerick County,41,2020,2020-10-07,Level 3,1127592,0.766115651943499
Limerick County,42,2020,2020-10-14,Level 3,1148794,0.7805208481957835
Limerick County,43,2020,2020-10-21,Level 5,870339,0.5913311999347751
Limerick County,44,2020,2020-10-28,Level 5,923906,0.627726028141837
Limerick County,45,2020,2020-11-04,Level 5,327796,0.22271322095622456
Longford County,6,2020,2020-02-05,Pre-restrictions,155682,1
Longford County,7,2020,2020-02-12,Pre-restrictions,156826,1.0073483125859124
Longford County,8,2020,2020-02-19,Pre-restrictions,163462,1.0499736642643338
Longford County,9,2020,2020-02-26,Pre-restrictions,142438,0.9149291504477075
Longford County,10,2020,2020-03-04,Pre-restrictions,163653,1.0512005241453732
Longford County,11,2020,2020-03-11,Pre-restrictions,127231,0.8172492645264063
Longford County,12,2020,2020-03-18,School Shutdown,104448,0.6709060777739237
Longford County,13,2020,2020-03-25,School Shutdown,66729,0.42862373299418044
Longford County,14,2020,2020-04-01,Full Restrictions,58182,0.373723359155201
Longford County,15,2020,2020-04-08,Full Restrictions,50351,0.3234221040325792
Longford County,16,2020,2020-04-15,Full Restrictions,60749,0.3902120990223661
Longford County,17,2020,2020-04-22,Full Restrictions,63294,0.406559525185956
Longford County,18,2020,2020-04-29,Full Restrictions,47613,0.30583497128762477
Longford County,19,2020,2020-05-06,Full Restrictions,71983,0.462372014748012
Longford County,20,2020,2020-05-13,Full Restrictions,80546,0.5173751621895916
Longford County,21,2020,2020-05-20,Phase 1,94191,0.6050217751570509
Longford County,22,2020,2020-05-27,Phase 1,87409,0.561458614354903
Longford County,23,2020,2020-06-03,Phase 1,109525,0.7035174265489909
Longford County,24,2020,2020-06-10,Phase 2,118132,0.758803201397721
Longford County,25,2020,2020-06-17,Phase 2,126079,0.809849565139194
Longford County,26,2020,2020-06-24,Phase 2,114605,0.7361480453745456
Longford County,27,2020,2020-07-01,Phase 3,152532,0.9797664469880911
Longford County,28,2020,2020-07-08,Phase 3,158876,1.0205161804190594
Longford County,29,2020,2020-07-15,Phase 3,164596,1.057257743348621
Longford County,30,2020,2020-07-22,Phase 3,165448,1.06273043768708
Longford County,31,2020,2020-07-29,Phase 3,141713,0.9102722215798872
Longford County,32,2020,2020-08-05,Phase 3,169002,1.0855590241646433
Longford County,33,2020,2020-08-12,Phase 3,168066,1.0795467684125333
Longford County,34,2020,2020-08-19,Phase 3,163525,1.050378335324572
Longford County,35,2020,2020-08-26,Phase 3,137830,0.885330352898858
Longford County,36,2020,2020-09-02,Phase 3,158246,1.0164694698166776
Longford County,37,2020,2020-09-09,Phase 3,162980,1.0468776094860035
Longford County,38,2020,2020-09-16,Phase 3,159157,1.0223211418147249
Longford County,39,2020,2020-09-23,Phase 3,149362,0.959404426972932
Longford County,40,2020,2020-09-30,Phase 3,144807,0.9301460669826955
Longford County,41,2020,2020-10-07,Level 3,122703,0.7881643349905577
Longford County,42,2020,2020-10-14,Level 3,136713,0.8781554707673334
Longford County,43,2020,2020-10-21,Level 5,99637,0.6400033401420845
Longford County,44,2020,2020-10-28,Level 5,106192,0.6821084004573426
Longford County,45,2020,2020-11-04,Level 5,36394,0.23377140581441658
Louth County,6,2020,2020-02-05,Pre-restrictions,2369147,1
Louth County,7,2020,2020-02-12,Pre-restrictions,2414494,1.019140644290962
Louth County,8,2020,2020-02-19,Pre-restrictions,2434980,1.0277876383356541
Louth County,9,2020,2020-02-26,Pre-restrictions,2111077,0.89107049921343
Louth County,10,2020,2020-03-04,Pre-restrictions,2396706,1.0116324567449804
Louth County,11,2020,2020-03-11,Pre-restrictions,1782464,0.7523653027861926
Louth County,12,2020,2020-03-18,School Shutdown,1443018,0.6090875745574251
Louth County,13,2020,2020-03-25,School Shutdown,777225,0.3280611122906261
Louth County,14,2020,2020-04-01,Full Restrictions,614321,0.25930049929362764
Louth County,15,2020,2020-04-08,Full Restrictions,490270,0.20693945964518032
Louth County,16,2020,2020-04-15,Full Restrictions,608884,0.25700558048951794
Louth County,17,2020,2020-04-22,Full Restrictions,658194,0.2778189787294752
Louth County,18,2020,2020-04-29,Full Restrictions,512194,0.21619342320252816
Louth County,19,2020,2020-05-06,Full Restrictions,755421,0.3188577998748073
Louth County,20,2020,2020-05-13,Full Restrictions,907266,0.38295048808706256
Louth County,21,2020,2020-05-20,Phase 1,1108554,0.46791271288780306
Louth County,22,2020,2020-05-27,Phase 1,1066133,0.4500071122644564
Louth County,23,2020,2020-06-03,Phase 1,1345507,0.5679288790438077
Louth County,24,2020,2020-06-10,Phase 2,1483186,0.6260421999985649
Louth County,25,2020,2020-06-17,Phase 2,1573001,0.6639524689687892
Louth County,26,2020,2020-06-24,Phase 2,1412357,0.5961457858039202
Louth County,27,2020,2020-07-01,Phase 3,1874615,0.7912615806448481
Louth County,28,2020,2020-07-08,Phase 3,1988673,0.8394046464824682
Louth County,29,2020,2020-07-15,Phase 3,2036627,0.8596456868231478
Louth County,30,2020,2020-07-22,Phase 3,2037449,0.8599926471426214
Louth County,31,2020,2020-07-29,Phase 3,1752159,0.7395737790858904
Louth County,32,2020,2020-08-05,Phase 3,2165233,0.9139293593854666
Louth County,33,2020,2020-08-12,Phase 3,2174503,0.9178421600685817
Louth County,34,2020,2020-08-19,Phase 3,2085350,0.880211316562459
Louth County,35,2020,2020-08-26,Phase 3,1803554,0.761267240909914
Louth County,36,2020,2020-09-02,Phase 3,2045215,0.8632706201852397
Louth County,37,2020,2020-09-09,Phase 3,2114933,0.8926980892278951
Louth County,38,2020,2020-09-16,Phase 3,2050782,0.8656204110593391
Louth County,39,2020,2020-09-23,Phase 3,1940562,0.8190973375649548
Louth County,40,2020,2020-09-30,Phase 3,1796510,0.7582940189021619
Louth County,41,2020,2020-10-07,Level 3,1575853,0.665156277765795
Louth County,42,2020,2020-10-14,Level 3,1623047,0.6850765275434576
Louth County,43,2020,2020-10-21,Level 5,1118529,0.472123089027401
Louth County,44,2020,2020-10-28,Level 5,1217735,0.5139972319151155
Louth County,45,2020,2020-11-04,Level 5,410243,0.1731606354523379
Mayo County,6,2020,2020-02-05,Pre-restrictions,452179,1
Mayo County,7,2020,2020-02-12,Pre-restrictions,466404,1.0314587807041018
Mayo County,8,2020,2020-02-19,Pre-restrictions,483603,1.0694946028011032
Mayo County,9,2020,2020-02-26,Pre-restrictions,444461,0.9829315381740417
Mayo County,10,2020,2020-03-04,Pre-restrictions,525241,1.1615776053288631
Mayo County,11,2020,2020-03-11,Pre-restrictions,402690,0.8905544043398742
Mayo County,12,2020,2020-03-18,School Shutdown,339292,0.7503488662675621
Mayo County,13,2020,2020-03-25,School Shutdown,208151,0.4603287636091017
Mayo County,14,2020,2020-04-01,Full Restrictions,181301,0.40094962393211536
Mayo County,15,2020,2020-04-08,Full Restrictions,156976,0.34715455604970596
Mayo County,16,2020,2020-04-15,Full Restrictions,190680,0.4216914098177934
Mayo County,17,2020,2020-04-22,Full Restrictions,199667,0.4415662823793232
Mayo County,18,2020,2020-04-29,Full Restrictions,151559,0.3351747869759542
Mayo County,19,2020,2020-05-06,Full Restrictions,227813,0.5038115436585954
Mayo County,20,2020,2020-05-13,Full Restrictions,258667,0.5720455837179524
Mayo County,21,2020,2020-05-20,Phase 1,299867,0.6631599432967917
Mayo County,22,2020,2020-05-27,Phase 1,273542,0.604941848250361
Mayo County,23,2020,2020-06-03,Phase 1,347803,0.769171058364055
Mayo County,24,2020,2020-06-10,Phase 2,392301,0.8675789897363655
Mayo County,25,2020,2020-06-17,Phase 2,414124,0.9158408506365842
Mayo County,26,2020,2020-06-24,Phase 2,365176,0.8075916838243262
Mayo County,27,2020,2020-07-01,Phase 3,487385,1.0778585471682673
Mayo County,28,2020,2020-07-08,Phase 3,521611,1.1535498110261644
Mayo County,29,2020,2020-07-15,Phase 3,550941,1.2184135043865372
Mayo County,30,2020,2020-07-22,Phase 3,555762,1.2290752113654106
Mayo County,31,2020,2020-07-29,Phase 3,473589,1.0473485057908483
Mayo County,32,2020,2020-08-05,Phase 3,582553,1.2883238717410583
Mayo County,33,2020,2020-08-12,Phase 3,578577,1.279530893738984
Mayo County,34,2020,2020-08-19,Phase 3,542347,1.1994077566627375
Mayo County,35,2020,2020-08-26,Phase 3,465639,1.0297669728138636
Mayo County,36,2020,2020-09-02,Phase 3,520876,1.1519243485433865
Mayo County,37,2020,2020-09-09,Phase 3,520095,1.1501971564358362
Mayo County,38,2020,2020-09-16,Phase 3,528362,1.1684797392183184
Mayo County,39,2020,2020-09-23,Phase 3,509248,1.1262088686117666
Mayo County,40,2020,2020-09-30,Phase 3,486367,1.0756072263417806
Mayo County,41,2020,2020-10-07,Level 3,424473,0.9387278046968125
Mayo County,42,2020,2020-10-14,Level 3,441576,0.976551321489941
Mayo County,43,2020,2020-10-21,Level 5,316153,0.6991766534934174
Mayo County,44,2020,2020-10-28,Level 5,328957,0.7274928733974819
Mayo County,45,2020,2020-11-04,Level 5,114325,0.25283129026336915
Meath County,6,2020,2020-02-05,Pre-restrictions,2369720,1
Meath County,7,2020,2020-02-12,Pre-restrictions,2371722,1.00084482554901
Meath County,8,2020,2020-02-19,Pre-restrictions,2422953,1.022463835389835
Meath County,9,2020,2020-02-26,Pre-restrictions,2203834,0.9299976368516112
Meath County,10,2020,2020-03-04,Pre-restrictions,2546550,1.0746206302854346
Meath County,11,2020,2020-03-11,Pre-restrictions,1869324,0.7888374997890046
Meath County,12,2020,2020-03-18,School Shutdown,1584649,0.6687072734331482
Meath County,13,2020,2020-03-25,School Shutdown,960073,0.40514195769964384
Meath County,14,2020,2020-04-01,Full Restrictions,787414,0.33228145097311074
Meath County,15,2020,2020-04-08,Full Restrictions,661243,0.2790384518002127
Meath County,16,2020,2020-04-15,Full Restrictions,804810,0.3396224026467262
Meath County,17,2020,2020-04-22,Full Restrictions,852433,0.35971886973988487
Meath County,18,2020,2020-04-29,Full Restrictions,662378,0.27951741133973634
Meath County,19,2020,2020-05-06,Full Restrictions,1002149,0.42289764191550056
Meath County,20,2020,2020-05-13,Full Restrictions,1160555,0.4897435140016542
Meath County,21,2020,2020-05-20,Phase 1,1419802,0.5991433587090458
Meath County,22,2020,2020-05-27,Phase 1,1262047,0.5325722026230947
Meath County,23,2020,2020-06-03,Phase 1,1571779,0.6632762520466553
Meath County,24,2020,2020-06-10,Phase 2,1730196,0.7301267660314299
Meath County,25,2020,2020-06-17,Phase 2,1827500,0.7711881572506456
Meath County,26,2020,2020-06-24,Phase 2,1614379,0.6812530594331819
Meath County,27,2020,2020-07-01,Phase 3,2195978,0.9266824772546968
Meath County,28,2020,2020-07-08,Phase 3,2262960,0.9549482639299157
Meath County,29,2020,2020-07-15,Phase 3,2336623,0.9860333710311767
Meath County,30,2020,2020-07-22,Phase 3,2314574,0.9767288962409061
Meath County,31,2020,2020-07-29,Phase 3,1904928,0.8038620596526171
Meath County,32,2020,2020-08-05,Phase 3,2358901,0.9954344817109194
Meath County,33,2020,2020-08-12,Phase 3,2362120,0.9967928700437182
Meath County,34,2020,2020-08-19,Phase 3,2322617,0.9801229681143764
Meath County,35,2020,2020-08-26,Phase 3,2022952,0.8536670999105379
Meath County,36,2020,2020-09-02,Phase 3,2335206,0.9854354100906436
Meath County,37,2020,2020-09-09,Phase 3,2352193,0.992603767533717
Meath County,38,2020,2020-09-16,Phase 3,2207593,0.9315839002076195
Meath County,39,2020,2020-09-23,Phase 3,2117051,0.893376010667927
Meath County,40,2020,2020-09-30,Phase 3,1994919,0.8418374322704792
Meath County,41,2020,2020-10-07,Level 3,1704066,0.7191001468527928
Meath County,42,2020,2020-10-14,Level 3,1775927,0.7494248265617879
Meath County,43,2020,2020-10-21,Level 5,1406870,0.5936861738939622
Meath County,44,2020,2020-10-28,Level 5,1524042,0.6431316780041524
Meath County,45,2020,2020-11-04,Level 5,444118,0.187413702884729
Monaghan County,6,2020,2020-02-05,Pre-restrictions,381413,1
Monaghan County,7,2020,2020-02-12,Pre-restrictions,391562,1.0266089514515762
Monaghan County,8,2020,2020-02-19,Pre-restrictions,402945,1.056453240975006
Monaghan County,9,2020,2020-02-26,Pre-restrictions,348556,0.9138545356346008
Monaghan County,10,2020,2020-03-04,Pre-restrictions,400190,1.0492300996557538
Monaghan County,11,2020,2020-03-11,Pre-restrictions,310622,0.8143980409687137
Monaghan County,12,2020,2020-03-18,School Shutdown,265817,0.6969269531977148
Monaghan County,13,2020,2020-03-25,School Shutdown,164259,0.4306591542501173
Monaghan County,14,2020,2020-04-01,Full Restrictions,136313,0.35738949642513496
Monaghan County,15,2020,2020-04-08,Full Restrictions,115176,0.3019718782527077
Monaghan County,16,2020,2020-04-15,Full Restrictions,140198,0.36757530550872675
Monaghan County,17,2020,2020-04-22,Full Restrictions,147742,0.38735439012304246
Monaghan County,18,2020,2020-04-29,Full Restrictions,119388,0.313015025707042
Monaghan County,19,2020,2020-05-06,Full Restrictions,174074,0.45639241452179136
Monaghan County,20,2020,2020-05-13,Full Restrictions,199351,0.5226644083971967
Monaghan County,21,2020,2020-05-20,Phase 1,232401,0.6093158859294255
Monaghan County,22,2020,2020-05-27,Phase 1,218097,0.5718132313266722
Monaghan County,23,2020,2020-06-03,Phase 1,265598,0.6963527724540065
Monaghan County,24,2020,2020-06-10,Phase 2,286536,0.7512486464803245
Monaghan County,25,2020,2020-06-17,Phase 2,294277,0.7715442315809896
Monaghan County,26,2020,2020-06-24,Phase 2,271615,0.7121283228416441
Monaghan County,27,2020,2020-07-01,Phase 3,346165,0.907585740391649
Monaghan County,28,2020,2020-07-08,Phase 3,360034,0.9439478989966257
Monaghan County,29,2020,2020-07-15,Phase 3,369029,0.9675312587667436
Monaghan County,30,2020,2020-07-22,Phase 3,374057,0.9807138194031142
Monaghan County,31,2020,2020-07-29,Phase 3,307126,0.805232123708421
Monaghan County,32,2020,2020-08-05,Phase 3,382374,1.0025195785146286
Monaghan County,33,2020,2020-08-12,Phase 3,382701,1.003376916885371
Monaghan County,34,2020,2020-08-19,Phase 3,376708,0.9876642904148522
Monaghan County,35,2020,2020-08-26,Phase 3,321280,0.8423415038291825
Monaghan County,36,2020,2020-09-02,Phase 3,372319,0.9761570790717673
Monaghan County,37,2020,2020-09-09,Phase 3,375570,0.9846806480114731
Monaghan County,38,2020,2020-09-16,Phase 3,353912,0.9278970564715938
Monaghan County,39,2020,2020-09-23,Phase 3,286176,0.7503047877235438
Monaghan County,40,2020,2020-09-30,Phase 3,276469,0.7248546850789039
Monaghan County,41,2020,2020-10-07,Level 3,245698,0.644178357843073
Monaghan County,42,2020,2020-10-14,Level 3,252340,0.661592551905677
Monaghan County,43,2020,2020-10-21,Level 5,204858,0.5371028255460616
Monaghan County,44,2020,2020-10-28,Level 5,220389,0.5778224654115093
Monaghan County,45,2020,2020-11-04,Level 5,74429,0.19514017613453133
North Tipperary,6,2020,2020-02-05,Pre-restrictions,793335,1
North Tipperary,7,2020,2020-02-12,Pre-restrictions,802244,1.0112298083407387
North Tipperary,8,2020,2020-02-19,Pre-restrictions,868494,1.0947380362646297
North Tipperary,9,2020,2020-02-26,Pre-restrictions,740589,0.9335135850554935
North Tipperary,10,2020,2020-03-04,Pre-restrictions,834278,1.0516087151077413
North Tipperary,11,2020,2020-03-11,Pre-restrictions,614086,0.7740563570244601
North Tipperary,12,2020,2020-03-18,School Shutdown,466976,0.5886239734790473
North Tipperary,13,2020,2020-03-25,School Shutdown,295480,0.37245299904832135
North Tipperary,14,2020,2020-04-01,Full Restrictions,247094,0.3114623708773721
North Tipperary,15,2020,2020-04-08,Full Restrictions,207895,0.2620519704790536
North Tipperary,16,2020,2020-04-15,Full Restrictions,252362,0.3181026930615692
North Tipperary,17,2020,2020-04-22,Full Restrictions,266878,0.3364001336131647
North Tipperary,18,2020,2020-04-29,Full Restrictions,202421,0.2551519849748215
North Tipperary,19,2020,2020-05-06,Full Restrictions,310088,0.3908664057428451
North Tipperary,20,2020,2020-05-13,Full Restrictions,353655,0.4457826769271493
North Tipperary,21,2020,2020-05-20,Phase 1,411991,0.5193152955561018
North Tipperary,22,2020,2020-05-27,Phase 1,374449,0.47199354623204576
North Tipperary,23,2020,2020-06-03,Phase 1,474814,0.5985037846559146
North Tipperary,24,2020,2020-06-10,Phase 2,527139,0.6644595284463688
North Tipperary,25,2020,2020-06-17,Phase 2,563887,0.7107804395368917
North Tipperary,26,2020,2020-06-24,Phase 2,529475,0.667404060075504
North Tipperary,27,2020,2020-07-01,Phase 3,722899,0.9112153125728727
North Tipperary,28,2020,2020-07-08,Phase 3,744692,0.9386854229297837
North Tipperary,29,2020,2020-07-15,Phase 3,770357,0.9710361953021107
North Tipperary,30,2020,2020-07-22,Phase 3,785004,0.9894987615572236
North Tipperary,31,2020,2020-07-29,Phase 3,673443,0.8488759477396056
North Tipperary,32,2020,2020-08-05,Phase 3,799121,1.0072932619889454
North Tipperary,33,2020,2020-08-12,Phase 3,783383,0.9874554885388896
North Tipperary,34,2020,2020-08-19,Phase 3,751411,0.9471547328682083
North Tipperary,35,2020,2020-08-26,Phase 3,655963,0.8268423805832341
North Tipperary,36,2020,2020-09-02,Phase 3,757220,0.9544769863928857
North Tipperary,37,2020,2020-09-09,Phase 3,777920,0.9805693685517467
North Tipperary,38,2020,2020-09-16,Phase 3,751098,0.9467601958819414
North Tipperary,39,2020,2020-09-23,Phase 3,716465,0.9031052455772152
North Tipperary,40,2020,2020-09-30,Phase 3,690033,0.8697876685133015
North Tipperary,41,2020,2020-10-07,Level 3,561752,0.7080892687200236
North Tipperary,42,2020,2020-10-14,Level 3,587848,0.7409833172619386
North Tipperary,43,2020,2020-10-21,Level 5,453856,0.572086193096233
North Tipperary,44,2020,2020-10-28,Level 5,484616,0.6108592208839897
North Tipperary,45,2020,2020-11-04,Level 5,168645,0.21257728450150315
Offaly County,6,2020,2020-02-05,Pre-restrictions,530142,1
Offaly County,7,2020,2020-02-12,Pre-restrictions,539652,1.0179385900381408
Offaly County,8,2020,2020-02-19,Pre-restrictions,575389,1.0853488310679025
Offaly County,9,2020,2020-02-26,Pre-restrictions,496893,0.9372828412010367
Offaly County,10,2020,2020-03-04,Pre-restrictions,566688,1.0689362472695996
Offaly County,11,2020,2020-03-11,Pre-restrictions,416556,0.7857441968378284
Offaly County,12,2020,2020-03-18,School Shutdown,332250,0.6267188790927714
Offaly County,13,2020,2020-03-25,School Shutdown,206481,0.389482440553663
Offaly County,14,2020,2020-04-01,Full Restrictions,173119,0.32655213131576066
Offaly County,15,2020,2020-04-08,Full Restrictions,147662,0.2785329213682372
Offaly County,16,2020,2020-04-15,Full Restrictions,178977,0.3376020009733241
Offaly County,17,2020,2020-04-22,Full Restrictions,188038,0.3546936481169196
Offaly County,18,2020,2020-04-29,Full Restrictions,145087,0.2736757321623263
Offaly County,19,2020,2020-05-06,Full Restrictions,221925,0.41861425806670666
Offaly County,20,2020,2020-05-13,Full Restrictions,251776,0.47492181340093786
Offaly County,21,2020,2020-05-20,Phase 1,293666,0.5539383787739889
Offaly County,22,2020,2020-05-27,Phase 1,267928,0.5053891221597232
Offaly County,23,2020,2020-06-03,Phase 1,337792,0.6371726820361338
Offaly County,24,2020,2020-06-10,Phase 2,371369,0.7005085429941412
Offaly County,25,2020,2020-06-17,Phase 2,393553,0.7423539353607147
Offaly County,26,2020,2020-06-24,Phase 2,361065,0.6810722410222166
Offaly County,27,2020,2020-07-01,Phase 3,449782,0.8484179710341757
Offaly County,28,2020,2020-07-08,Phase 3,439668,0.8293400636056
Offaly County,29,2020,2020-07-15,Phase 3,504121,0.9509169241448517
Offaly County,30,2020,2020-07-22,Phase 3,455902,0.8599620479041464
Offaly County,31,2020,2020-07-29,Phase 3,393756,0.7427368516359768
Offaly County,32,2020,2020-08-05,Phase 3,446465,0.8421611568221344
Offaly County,33,2020,2020-08-12,Phase 3,439671,0.8293457224668108
Offaly County,34,2020,2020-08-19,Phase 3,437079,0.8244564663807056
Offaly County,35,2020,2020-08-26,Phase 3,380745,0.7181943705648676
Offaly County,36,2020,2020-09-02,Phase 3,438345,0.8268445058116505
Offaly County,37,2020,2020-09-09,Phase 3,448489,0.8459790018523339
Offaly County,38,2020,2020-09-16,Phase 3,423672,0.7991670156297747
Offaly County,39,2020,2020-09-23,Phase 3,396229,0.7474016395607215
Offaly County,40,2020,2020-09-30,Phase 3,389830,0.7353312885981492
Offaly County,41,2020,2020-10-07,Level 3,330612,0.623629140871691
Offaly County,42,2020,2020-10-14,Level 3,356435,0.6723387318869284
Offaly County,43,2020,2020-10-21,Level 5,268421,0.5063190616853598
Offaly County,44,2020,2020-10-28,Level 5,287035,0.5414304092111171
Offaly County,45,2020,2020-11-04,Level 5,105340,0.19870147998083532
Roscommon County,6,2020,2020-02-05,Pre-restrictions,348419,1
Roscommon County,7,2020,2020-02-12,Pre-restrictions,355644,1.0207365269976667
Roscommon County,8,2020,2020-02-19,Pre-restrictions,371878,1.0673298528495863
Roscommon County,9,2020,2020-02-26,Pre-restrictions,324333,0.9308705897209969
Roscommon County,10,2020,2020-03-04,Pre-restrictions,373026,1.0706247363088695
Roscommon County,11,2020,2020-03-11,Pre-restrictions,289961,0.8322192532554195
Roscommon County,12,2020,2020-03-18,School Shutdown,242272,0.6953466946406481
Roscommon County,13,2020,2020-03-25,School Shutdown,154995,0.44485231861637853
Roscommon County,14,2020,2020-04-01,Full Restrictions,135760,0.38964580002812704
Roscommon County,15,2020,2020-04-08,Full Restrictions,118783,0.34091998427181064
Roscommon County,16,2020,2020-04-15,Full Restrictions,141250,0.4054026904388107
Roscommon County,17,2020,2020-04-22,Full Restrictions,148683,0.4267361998054067
Roscommon County,18,2020,2020-04-29,Full Restrictions,118586,0.34035457308585354
Roscommon County,19,2020,2020-05-06,Full Restrictions,172222,0.49429566125842733
Roscommon County,20,2020,2020-05-13,Full Restrictions,192927,0.5537212379347854
Roscommon County,21,2020,2020-05-20,Phase 1,221870,0.6367907605497978
Roscommon County,22,2020,2020-05-27,Phase 1,206522,0.5927403499809137
Roscommon County,23,2020,2020-06-03,Phase 1,253226,0.7267858526658993
Roscommon County,24,2020,2020-06-10,Phase 2,278120,0.7982343098395897
Roscommon County,25,2020,2020-06-17,Phase 2,296142,0.8499593879782675
Roscommon County,26,2020,2020-06-24,Phase 2,266000,0.7634486064192826
Roscommon County,27,2020,2020-07-01,Phase 3,351316,1.0083147015518672
Roscommon County,28,2020,2020-07-08,Phase 3,362247,1.039687847103631
Roscommon County,29,2020,2020-07-15,Phase 3,374869,1.0759143445104888
Roscommon County,30,2020,2020-07-22,Phase 3,371669,1.066730000373114
Roscommon County,31,2020,2020-07-29,Phase 3,326274,0.9364414684618233
Roscommon County,32,2020,2020-08-05,Phase 3,381723,1.0955860616097286
Roscommon County,33,2020,2020-08-12,Phase 3,385855,1.1074453459771139
Roscommon County,34,2020,2020-08-19,Phase 3,365613,1.0493486290931322
Roscommon County,35,2020,2020-08-26,Phase 3,314739,0.90333477795413
Roscommon County,36,2020,2020-09-02,Phase 3,357407,1.0257965265958515
Roscommon County,37,2020,2020-09-09,Phase 3,362891,1.0415361963612777
Roscommon County,38,2020,2020-09-16,Phase 3,360774,1.0354601786928956
Roscommon County,39,2020,2020-09-23,Phase 3,344371,0.9883818046662208
Roscommon County,40,2020,2020-09-30,Phase 3,331235,0.9506800719822972
Roscommon County,41,2020,2020-10-07,Level 3,279379,0.8018477752361381
Roscommon County,42,2020,2020-10-14,Level 3,300787,0.8632910375151757
Roscommon County,43,2020,2020-10-21,Level 5,229926,0.6599123469156389
Roscommon County,44,2020,2020-10-28,Level 5,239987,0.688788498905054
Roscommon County,45,2020,2020-11-04,Level 5,81234,0.23315031614234585
Sligo County,6,2020,2020-02-05,Pre-restrictions,290575,1
Sligo County,7,2020,2020-02-12,Pre-restrictions,297814,1.0249126731480684
Sligo County,8,2020,2020-02-19,Pre-restrictions,305342,1.0508199260087756
Sligo County,9,2020,2020-02-26,Pre-restrictions,265447,0.9135231867848232
Sligo County,10,2020,2020-03-04,Pre-restrictions,305390,1.0509851157188332
Sligo County,11,2020,2020-03-11,Pre-restrictions,233597,0.8039129312569905
Sligo County,12,2020,2020-03-18,School Shutdown,190622,0.6560165189710058
Sligo County,13,2020,2020-03-25,School Shutdown,118478,0.40773638475436635
Sligo County,14,2020,2020-04-01,Full Restrictions,103986,0.3578628581261292
Sligo County,15,2020,2020-04-08,Full Restrictions,90889,0.3127901574464424
Sligo County,16,2020,2020-04-15,Full Restrictions,109596,0.3771694054891164
Sligo County,17,2020,2020-04-22,Full Restrictions,114679,0.39466230749376235
Sligo County,18,2020,2020-04-29,Full Restrictions,89739,0.3088324873096447
Sligo County,19,2020,2020-05-06,Full Restrictions,131129,0.45127419771143423
Sligo County,20,2020,2020-05-13,Full Restrictions,146261,0.5033502538071066
Sligo County,21,2020,2020-05-20,Phase 1,168028,0.5782603458659554
Sligo County,22,2020,2020-05-27,Phase 1,152236,0.5239129312569905
Sligo County,23,2020,2020-06-03,Phase 1,190686,0.6562367719177493
Sligo County,24,2020,2020-06-10,Phase 2,213155,0.7335627634861912
Sligo County,25,2020,2020-06-17,Phase 2,224049,0.7710539447646907
Sligo County,26,2020,2020-06-24,Phase 2,200102,0.6886414867073906
Sligo County,27,2020,2020-07-01,Phase 3,265439,0.9134956551664802
Sligo County,28,2020,2020-07-08,Phase 3,283587,0.9759511313774413
Sligo County,29,2020,2020-07-15,Phase 3,293596,1.010396627376753
Sligo County,30,2020,2020-07-22,Phase 3,297979,1.0254805127763917
Sligo County,31,2020,2020-07-29,Phase 3,254937,0.8773535231867848
Sligo County,32,2020,2020-08-05,Phase 3,316236,1.0883111072872753
Sligo County,33,2020,2020-08-12,Phase 3,312912,1.0768717198657833
Sligo County,34,2020,2020-08-19,Phase 3,294744,1.014347414608965
Sligo County,35,2020,2020-08-26,Phase 3,257480,0.8861051363675471
Sligo County,36,2020,2020-09-02,Phase 3,291654,1.0037133270240042
Sligo County,37,2020,2020-09-09,Phase 3,292689,1.0072752301471222
Sligo County,38,2020,2020-09-16,Phase 3,300901,1.0355364363761508
Sligo County,39,2020,2020-09-23,Phase 3,285934,0.9840282199088015
Sligo County,40,2020,2020-09-30,Phase 3,267199,0.9195526112019272
Sligo County,41,2020,2020-10-07,Level 3,227150,0.7817258883248731
Sligo County,42,2020,2020-10-14,Level 3,238955,0.822352232642175
Sligo County,43,2020,2020-10-21,Level 5,181354,0.624121139120709
Sligo County,44,2020,2020-10-28,Level 5,189403,0.6518213886260001
Sligo County,45,2020,2020-11-04,Level 5,67794,0.2333098167426654
South Dublin,6,2020,2020-02-05,Pre-restrictions,7154956,1
South Dublin,7,2020,2020-02-12,Pre-restrictions,7149835,0.9992842723281596
South Dublin,8,2020,2020-02-19,Pre-restrictions,7358957,1.0285118454956257
South Dublin,9,2020,2020-02-26,Pre-restrictions,6467105,0.9038636995112199
South Dublin,10,2020,2020-03-04,Pre-restrictions,7375057,1.030762034036268
South Dublin,11,2020,2020-03-11,Pre-restrictions,5527529,0.7725454915446021
South Dublin,12,2020,2020-03-18,School Shutdown,4687585,0.6551521770364486
South Dublin,13,2020,2020-03-25,School Shutdown,2778115,0.3882784184836357
South Dublin,14,2020,2020-04-01,Full Restrictions,2158340,0.301656641913661
South Dublin,15,2020,2020-04-08,Full Restrictions,1817224,0.2539811565577762
South Dublin,16,2020,2020-04-15,Full Restrictions,2258705,0.31568398184419305
South Dublin,17,2020,2020-04-22,Full Restrictions,2391794,0.33428493480602817
South Dublin,18,2020,2020-04-29,Full Restrictions,1844122,0.2577405088165462
South Dublin,19,2020,2020-05-06,Full Restrictions,2802660,0.39170890778363976
South Dublin,20,2020,2020-05-13,Full Restrictions,3297829,0.4609153431551501
South Dublin,21,2020,2020-05-20,Phase 1,4090906,0.5717583727978202
South Dublin,22,2020,2020-05-27,Phase 1,3721728,0.5201608507445749
South Dublin,23,2020,2020-06-03,Phase 1,4750164,0.6638984222963775
South Dublin,24,2020,2020-06-10,Phase 2,5381145,0.7520863859959447
South Dublin,25,2020,2020-06-17,Phase 2,5661492,0.7912685975986435
South Dublin,26,2020,2020-06-24,Phase 2,5037173,0.7040117367598068
South Dublin,27,2020,2020-07-01,Phase 3,6309131,0.8817847377398268
South Dublin,28,2020,2020-07-08,Phase 3,6461930,0.9031404246231564
South Dublin,29,2020,2020-07-15,Phase 3,6587065,0.9206297005879561
South Dublin,30,2020,2020-07-22,Phase 3,6475559,0.9050452581399522
South Dublin,31,2020,2020-07-29,Phase 3,5165385,0.7219310642860697
South Dublin,32,2020,2020-08-05,Phase 3,6253140,0.8739592528591371
South Dublin,33,2020,2020-08-12,Phase 3,6167525,0.8619934210636655
South Dublin,34,2020,2020-08-19,Phase 3,6147029,0.8591288332171435
South Dublin,35,2020,2020-08-26,Phase 3,5401156,0.7548831886597206
South Dublin,36,2020,2020-09-02,Phase 3,6445515,0.900846210654545
South Dublin,37,2020,2020-09-09,Phase 3,6610734,0.9239377572692271
South Dublin,38,2020,2020-09-16,Phase 3,6109596,0.8538970749785184
South Dublin,39,2020,2020-09-23,Phase 3,5956221,0.832460884455474
South Dublin,40,2020,2020-09-30,Phase 3,4821394,0.6738537595479274
South Dublin,41,2020,2020-10-07,Level 3,4281742,0.5984302349308647
South Dublin,42,2020,2020-10-14,Level 3,5704043,0.7972156642193188
South Dublin,43,2020,2020-10-21,Level 5,3922593,0.5482343986461972
South Dublin,44,2020,2020-10-28,Level 5,4248129,0.5937323723584045
South Dublin,45,2020,2020-11-04,Level 5,1483353,0.20731825604518042
South Tipperary,6,2020,2020-02-05,Pre-restrictions,503939,1
South Tipperary,7,2020,2020-02-12,Pre-restrictions,522858,1.0375422422158238
South Tipperary,8,2020,2020-02-19,Pre-restrictions,533743,1.05914207870397
South Tipperary,9,2020,2020-02-26,Pre-restrictions,466037,0.9247885160703974
South Tipperary,10,2020,2020-03-04,Pre-restrictions,528207,1.0481566221308531
South Tipperary,11,2020,2020-03-11,Pre-restrictions,395539,0.7848946003385331
South Tipperary,12,2020,2020-03-18,School Shutdown,328333,0.6515332212827346
South Tipperary,13,2020,2020-03-25,School Shutdown,206003,0.4087855871444758
South Tipperary,14,2020,2020-04-01,Full Restrictions,180044,0.35727340015359
South Tipperary,15,2020,2020-04-08,Full Restrictions,146543,0.29079511607555675
South Tipperary,16,2020,2020-04-15,Full Restrictions,180756,0.3586862695683406
South Tipperary,17,2020,2020-04-22,Full Restrictions,194981,0.3869138923560193
South Tipperary,18,2020,2020-04-29,Full Restrictions,146744,0.291193973873822
South Tipperary,19,2020,2020-05-06,Full Restrictions,223139,0.44278970272195645
South Tipperary,20,2020,2020-05-13,Full Restrictions,251201,0.49847501384096093
South Tipperary,21,2020,2020-05-20,Phase 1,289122,0.573724200746519
South Tipperary,22,2020,2020-05-27,Phase 1,259641,0.515223072633791
South Tipperary,23,2020,2020-06-03,Phase 1,333279,0.6613479012340779
South Tipperary,24,2020,2020-06-10,Phase 2,368912,0.7320568560877407
South Tipperary,25,2020,2020-06-17,Phase 2,386758,0.7674698723456609
South Tipperary,26,2020,2020-06-24,Phase 2,351351,0.697209384469152
South Tipperary,27,2020,2020-07-01,Phase 3,436562,0.8662992941606028
South Tipperary,28,2020,2020-07-08,Phase 3,448899,0.8907804317586057
South Tipperary,29,2020,2020-07-15,Phase 3,474407,0.9413976691623391
South Tipperary,30,2020,2020-07-22,Phase 3,492957,0.9782076798977654
South Tipperary,31,2020,2020-07-29,Phase 3,413676,0.8208850674387178
South Tipperary,32,2020,2020-08-05,Phase 3,504761,1.0016311498018609
South Tipperary,33,2020,2020-08-12,Phase 3,496077,0.984398905423077
South Tipperary,34,2020,2020-08-19,Phase 3,471431,0.9354921925074265
South Tipperary,35,2020,2020-08-26,Phase 3,392785,0.7794296531921522
South Tipperary,36,2020,2020-09-02,Phase 3,468658,0.9299895423850902
South Tipperary,37,2020,2020-09-09,Phase 3,475166,0.9429038038334004
South Tipperary,38,2020,2020-09-16,Phase 3,474593,0.9417667614532711
South Tipperary,39,2020,2020-09-23,Phase 3,476807,0.9461601503356557
South Tipperary,40,2020,2020-09-30,Phase 3,455784,0.9044427996245578
South Tipperary,41,2020,2020-10-07,Level 3,382109,0.7582445494395155
South Tipperary,42,2020,2020-10-14,Level 3,392290,0.7784473914501556
South Tipperary,43,2020,2020-10-21,Level 5,289508,0.5744901664685607
South Tipperary,44,2020,2020-10-28,Level 5,308786,0.6127447964932263
South Tipperary,45,2020,2020-11-04,Level 5,110515,0.21930233619545222
Waterford County,6,2020,2020-02-05,Pre-restrictions,180173,1
Waterford County,7,2020,2020-02-12,Pre-restrictions,183529,1.0186265422677094
Waterford County,8,2020,2020-02-19,Pre-restrictions,191799,1.0645268713958251
Waterford County,9,2020,2020-02-26,Pre-restrictions,167860,0.9316601266560472
Waterford County,10,2020,2020-03-04,Pre-restrictions,192367,1.0676793970239713
Waterford County,11,2020,2020-03-11,Pre-restrictions,146952,0.8156161023016767
Waterford County,12,2020,2020-03-18,School Shutdown,125775,0.6980790684508777
Waterford County,13,2020,2020-03-25,School Shutdown,78025,0.4330560072818902
Waterford County,14,2020,2020-04-01,Full Restrictions,66012,0.3663812002908316
Waterford County,15,2020,2020-04-08,Full Restrictions,57835,0.320997041732113
Waterford County,16,2020,2020-04-15,Full Restrictions,69072,0.38336487709035205
Waterford County,17,2020,2020-04-22,Full Restrictions,72216,0.40081477246868286
Waterford County,18,2020,2020-04-29,Full Restrictions,55668,0.30896971244304083
Waterford County,19,2020,2020-05-06,Full Restrictions,82538,0.4581041554505947
Waterford County,20,2020,2020-05-13,Full Restrictions,93282,0.517735731768911
Waterford County,21,2020,2020-05-20,Phase 1,108713,0.6033811947406104
Waterford County,22,2020,2020-05-27,Phase 1,96663,0.5365010295660282
Waterford County,23,2020,2020-06-03,Phase 1,123995,0.688199674757039
Waterford County,24,2020,2020-06-10,Phase 2,139906,0.7765092438933692
Waterford County,25,2020,2020-06-17,Phase 2,144625,0.8027007376243943
Waterford County,26,2020,2020-06-24,Phase 2,130673,0.7252640517724631
Waterford County,27,2020,2020-07-01,Phase 3,141404,0.7848234752154873
Waterford County,28,2020,2020-07-08,Phase 3,149209,0.8281429514966171
Waterford County,29,2020,2020-07-15,Phase 3,161832,0.8982033934052271
Waterford County,30,2020,2020-07-22,Phase 3,159426,0.884849561255016
Waterford County,31,2020,2020-07-29,Phase 3,156710,0.8697751605401475
Waterford County,32,2020,2020-08-05,Phase 3,204232,1.1335327712809355
Waterford County,33,2020,2020-08-12,Phase 3,198122,1.0996209198936577
Waterford County,34,2020,2020-08-19,Phase 3,183435,1.0181048214771358
Waterford County,35,2020,2020-08-26,Phase 3,176909,0.9818840780805115
Waterford County,36,2020,2020-09-02,Phase 3,254511,1.412592341804821
Waterford County,37,2020,2020-09-09,Phase 3,248531,1.379402019170464
Waterford County,38,2020,2020-09-16,Phase 3,253856,1.4089569469343353
Waterford County,39,2020,2020-09-23,Phase 3,237411,1.3176835596898537
Waterford County,40,2020,2020-09-30,Phase 3,222293,1.2337753159463405
Waterford County,41,2020,2020-10-07,Level 3,189968,1.0543644164219945
Waterford County,42,2020,2020-10-14,Level 3,201968,1.120967070537761
Waterford County,43,2020,2020-10-21,Level 5,155408,0.8625487725685869
Waterford County,44,2020,2020-10-28,Level 5,153033,0.8493669972748414
Waterford County,45,2020,2020-11-04,Level 5,55642,0.30882540669245667
Westmeath County,6,2020,2020-02-05,Pre-restrictions,1316175,1
Westmeath County,7,2020,2020-02-12,Pre-restrictions,1340808,1.0187155963302752
Westmeath County,8,2020,2020-02-19,Pre-restrictions,1443102,1.0964362641745968
Westmeath County,9,2020,2020-02-26,Pre-restrictions,1216762,0.9244682508025148
Westmeath County,10,2020,2020-03-04,Pre-restrictions,1357402,1.0313233422607175
Westmeath County,11,2020,2020-03-11,Pre-restrictions,983317,0.7471020191084012
Westmeath County,12,2020,2020-03-18,School Shutdown,772366,0.5868262199175641
Westmeath County,13,2020,2020-03-25,School Shutdown,477212,0.36257488555853135
Westmeath County,14,2020,2020-04-01,Full Restrictions,386951,0.2939966189906357
Westmeath County,15,2020,2020-04-08,Full Restrictions,331523,0.25188367808232187
Westmeath County,16,2020,2020-04-15,Full Restrictions,405703,0.3082439645183961
Westmeath County,17,2020,2020-04-22,Full Restrictions,428462,0.32553573802875757
Westmeath County,18,2020,2020-04-29,Full Restrictions,342175,0.2599768267897506
Westmeath County,19,2020,2020-05-06,Full Restrictions,527675,0.4009155317491975
Westmeath County,20,2020,2020-05-13,Full Restrictions,605482,0.4600315307614869
Westmeath County,21,2020,2020-05-20,Phase 1,727588,0.5528049081619085
Westmeath County,22,2020,2020-05-27,Phase 1,656384,0.49870571922426726
Westmeath County,23,2020,2020-06-03,Phase 1,790161,0.6003464584876631
Westmeath County,24,2020,2020-06-10,Phase 2,879758,0.6684202328717685
Westmeath County,25,2020,2020-06-17,Phase 2,938879,0.7133390316637225
Westmeath County,26,2020,2020-06-24,Phase 2,858098,0.6519634547077706
Westmeath County,27,2020,2020-07-01,Phase 3,1149534,0.8733899367485327
Westmeath County,28,2020,2020-07-08,Phase 3,1193706,0.9069508234087412
Westmeath County,29,2020,2020-07-15,Phase 3,1235676,0.9388386802666818
Westmeath County,30,2020,2020-07-22,Phase 3,1246191,0.9468277394723346
Westmeath County,31,2020,2020-07-29,Phase 3,1104818,0.8394157311907611
Westmeath County,32,2020,2020-08-05,Phase 3,1295442,0.9842475354721066
Westmeath County,33,2020,2020-08-12,Phase 3,1274977,0.968698691283454
Westmeath County,34,2020,2020-08-19,Phase 3,1275013,0.9687260432693221
Westmeath County,35,2020,2020-08-26,Phase 3,1088754,0.8272106672744886
Westmeath County,36,2020,2020-09-02,Phase 3,1183094,0.8988880657967215
Westmeath County,37,2020,2020-09-09,Phase 3,1205364,0.9158083081657075
Westmeath County,38,2020,2020-09-16,Phase 3,1163434,0.8839508424031759
Westmeath County,39,2020,2020-09-23,Phase 3,1133021,0.8608437327862937
Westmeath County,40,2020,2020-09-30,Phase 3,1101879,0.8371827454555815
Westmeath County,41,2020,2020-10-07,Level 3,929523,0.7062305544475469
Westmeath County,42,2020,2020-10-14,Level 3,982416,0.7464174596843125
Westmeath County,43,2020,2020-10-21,Level 5,771150,0.5859023306171292
Westmeath County,44,2020,2020-10-28,Level 5,829585,0.630299922122818
Westmeath County,45,2020,2020-11-04,Level 5,282088,0.2143240830436682
Wexford County,6,2020,2020-02-05,Pre-restrictions,397999,1
Wexford County,7,2020,2020-02-12,Pre-restrictions,406275,1.020794022095533
Wexford County,8,2020,2020-02-19,Pre-restrictions,421786,1.0597664818253312
Wexford County,9,2020,2020-02-26,Pre-restrictions,370894,0.93189681381109
Wexford County,10,2020,2020-03-04,Pre-restrictions,422255,1.0609448767459215
Wexford County,11,2020,2020-03-11,Pre-restrictions,330157,0.8295422852821238
Wexford County,12,2020,2020-03-18,School Shutdown,277949,0.6983660762966741
Wexford County,13,2020,2020-03-25,School Shutdown,169515,0.4259181555732552
Wexford County,14,2020,2020-04-01,Full Restrictions,138521,0.3480435880492162
Wexford County,15,2020,2020-04-08,Full Restrictions,116526,0.29277963009957314
Wexford County,16,2020,2020-04-15,Full Restrictions,140134,0.3520963620511609
Wexford County,17,2020,2020-04-22,Full Restrictions,146552,0.36822203070861986
Wexford County,18,2020,2020-04-29,Full Restrictions,113297,0.28466654438830247
Wexford County,19,2020,2020-05-06,Full Restrictions,171035,0.4297372606463835
Wexford County,20,2020,2020-05-13,Full Restrictions,199164,0.5004133176214011
Wexford County,21,2020,2020-05-20,Phase 1,237906,0.5977552707418863
Wexford County,22,2020,2020-05-27,Phase 1,214854,0.5398355272249428
Wexford County,23,2020,2020-06-03,Phase 1,279304,0.7017706074638379
Wexford County,24,2020,2020-06-10,Phase 2,314128,0.7892683147445094
Wexford County,25,2020,2020-06-17,Phase 2,329240,0.8272382593926115
Wexford County,26,2020,2020-06-24,Phase 2,303772,0.7632481488646956
Wexford County,27,2020,2020-07-01,Phase 3,405829,1.019673416264865
Wexford County,28,2020,2020-07-08,Phase 3,388024,0.9749371229575954
Wexford County,29,2020,2020-07-15,Phase 3,405020,1.017640747841075
Wexford County,30,2020,2020-07-22,Phase 3,399491,1.0037487531375706
Wexford County,31,2020,2020-07-29,Phase 3,252061,0.6333206867353938
Wexford County,32,2020,2020-08-05,Phase 3,243979,0.6130141030505102
Wexford County,33,2020,2020-08-12,Phase 3,283771,0.7129942537544064
Wexford County,34,2020,2020-08-19,Phase 3,266500,0.6695996723609858
Wexford County,35,2020,2020-08-26,Phase 3,247310,0.6213834708127407
Wexford County,36,2020,2020-09-02,Phase 3,373592,0.9386757253158927
Wexford County,37,2020,2020-09-09,Phase 3,373514,0.9384797449239822
Wexford County,38,2020,2020-09-16,Phase 3,369542,0.9284998203513074
Wexford County,39,2020,2020-09-23,Phase 3,351929,0.884245940316433
Wexford County,40,2020,2020-09-30,Phase 3,338817,0.851301133922447
Wexford County,41,2020,2020-10-07,Level 3,303502,0.7625697552003899
Wexford County,42,2020,2020-10-14,Level 3,304147,0.7641903622873424
Wexford County,43,2020,2020-10-21,Level 5,230340,0.5787451727265647
Wexford County,44,2020,2020-10-28,Level 5,241843,0.6076472553951141
Wexford County,45,2020,2020-11-04,Level 5,85793,0.21556084311769627
Wicklow County,6,2020,2020-02-05,Pre-restrictions,1129975,1
Wicklow County,7,2020,2020-02-12,Pre-restrictions,1144867,1.0131790526339077
Wicklow County,8,2020,2020-02-19,Pre-restrictions,1190181,1.0532808247970087
Wicklow County,9,2020,2020-02-26,Pre-restrictions,1036588,0.9173548087347065
Wicklow County,10,2020,2020-03-04,Pre-restrictions,1184346,1.0481169937387995
Wicklow County,11,2020,2020-03-11,Pre-restrictions,928592,0.8217810128542666
Wicklow County,12,2020,2020-03-18,School Shutdown,800389,0.7083245204539923
Wicklow County,13,2020,2020-03-25,School Shutdown,452853,0.40076373371092283
Wicklow County,14,2020,2020-04-01,Full Restrictions,327498,0.28982765105422686
Wicklow County,15,2020,2020-04-08,Full Restrictions,264415,0.2340007522290316
Wicklow County,16,2020,2020-04-15,Full Restrictions,333512,0.2951498926967411
Wicklow County,17,2020,2020-04-22,Full Restrictions,357970,0.3167946193499856
Wicklow County,18,2020,2020-04-29,Full Restrictions,266887,0.23618841124803647
Wicklow County,19,2020,2020-05-06,Full Restrictions,418331,0.37021261532334787
Wicklow County,20,2020,2020-05-13,Full Restrictions,503924,0.44596030885639065
Wicklow County,21,2020,2020-05-20,Phase 1,640604,0.5669187371402022
Wicklow County,22,2020,2020-05-27,Phase 1,586355,0.5189097103918229
Wicklow County,23,2020,2020-06-03,Phase 1,757095,0.6700103984601429
Wicklow County,24,2020,2020-06-10,Phase 2,869714,0.7696754352972411
Wicklow County,25,2020,2020-06-17,Phase 2,926839,0.8202296510984757
Wicklow County,26,2020,2020-06-24,Phase 2,871186,0.7709781189849333
Wicklow County,27,2020,2020-07-01,Phase 3,1184393,1.0481585875793713
Wicklow County,28,2020,2020-07-08,Phase 3,1223051,1.0823699639372553
Wicklow County,29,2020,2020-07-15,Phase 3,1275897,1.129137370295803
Wicklow County,30,2020,2020-07-22,Phase 3,1247305,1.103834155622912
Wicklow County,31,2020,2020-07-29,Phase 3,1054843,0.9335100334078188
Wicklow County,32,2020,2020-08-05,Phase 3,1296905,1.147728932056019
Wicklow County,33,2020,2020-08-12,Phase 3,1267187,1.1214292351600699
Wicklow County,34,2020,2020-08-19,Phase 3,1186810,1.0502975729551538
Wicklow County,35,2020,2020-08-26,Phase 3,1024369,0.9065412951613974
Wicklow County,36,2020,2020-09-02,Phase 3,1167965,1.0336202128365672
Wicklow County,37,2020,2020-09-09,Phase 3,1192360,1.055209186043939
Wicklow County,38,2020,2020-09-16,Phase 3,1089274,0.9639806190402442
Wicklow County,39,2020,2020-09-23,Phase 3,1011131,0.8948259917254806
Wicklow County,40,2020,2020-09-30,Phase 3,998287,0.8834593685701011
Wicklow County,41,2020,2020-10-07,Level 3,862392,0.7631956459213699
Wicklow County,42,2020,2020-10-14,Level 3,919492,0.8137277373393217
Wicklow County,43,2020,2020-10-21,Level 5,673603,0.596122038098188
Wicklow County,44,2020,2020-10-28,Level 5,725083,0.6416805681541627
Wicklow County,45,2020,2020-11-04,Level 5,264431,0.23401491183433262
