area,week_no,date,events,weekly_total,weekly_total_pc
Carlow County,1,2020-01-01,Pre-restrictions,325043,88.09647350544154
Carlow County,2,2020-01-08,Pre-restrictions,374400,101.47371172564033
Carlow County,3,2020-01-15,Pre-restrictions,396687,107.51416208148794
Carlow County,4,2020-01-22,Pre-restrictions,402010,108.95685590498042
Carlow County,6,2020-02-05,Pre-restrictions,384608,104.2403881393565
Carlow County,7,2020-02-12,Pre-restrictions,396273,107.40195557332979
Carlow County,8,2020-02-19,Pre-restrictions,405888,110.0079110707711
Carlow County,9,2020-02-26,Pre-restrictions,400329,108.50125411702423
Carlow County,10,2020-03-04,Pre-restrictions,409988,111.11913494383501
Carlow County,11,2020-03-11,Pre-restrictions,300747,81.51152345179261
Carlow County,12,2020-03-18,School Shutdown,248165,67.26021279485452
Carlow County,13,2020-03-25,School Shutdown,175189,47.481511975168814
Carlow County,14,2020-04-01,Full Restrictions,132526,35.91855000040655
Carlow County,15,2020-04-08,Full Restrictions,113793,30.84134102135628
Carlow County,16,2020-04-15,Full Restrictions,138685,37.58782508191888
Carlow County,17,2020-04-22,Full Restrictions,144982,39.294502332817274
Carlow County,18,2020-04-29,Full Restrictions,136319,36.946567598097126
Carlow County,19,2020-05-06,Full Restrictions,167340,45.35419583378379
Carlow County,20,2020-05-13,Full Restrictions,188402,51.062634178776946
Carlow County,21,2020-05-20,Phase 1,220605,59.790620126161556
Carlow County,22,2020-05-27,Phase 1,218156,59.126867134665574
Carlow County,23,2020-06-03,Phase 1,259658,70.3751630322017
Carlow County,24,2020-06-10,Phase 2,280328,75.97735753372142
Carlow County,25,2020-06-17,Phase 2,298977,81.03179997488454
Carlow County,26,2020-06-24,Phase 2,319662,86.6380599295984
Carlow County,27,2020-07-01,Phase 3,355277,96.29080096354252
Carlow County,28,2020-07-08,Phase 3,369511,100.14864501456486
Carlow County,29,2020-07-15,Phase 3,370721,100.47659157222519
Carlow County,30,2020-07-22,Phase 3,371325,100.6402938208424
Carlow County,31,2020-07-29,Phase 3,374225,101.4262814383754
Carlow County,32,2020-08-05,Phase 3,368821,99.9616341676346
Carlow County,33,2020-08-12,Phase 3,358908,97.27491166673643
Carlow County,34,2020-08-19,Phase 3,348579,94.47544059725422
Carlow County,35,2020-08-26,Phase 3,370076,100.30177708487733
Carlow County,36,2020-09-02,Phase 3,372138,100.86064138396458
Carlow County,37,2020-09-09,Phase 3,378374,102.5507857918735
Carlow County,38,2020-09-16,Phase 3,372911,101.07014773856908
Carlow County,39,2020-09-23,Phase 3,358120,97.06133985893781
Carlow County,40,2020-09-30,Phase 3,352156,95.44491566894924
Carlow County,41,2020-10-07,Level 3,298827,80.99114544294316
Carlow County,42,2020-10-14,Level 3,300500,81.44457898919583
Carlow County,43,2020-10-21,Level 5,235507,63.82951235942943
Carlow County,44,2020-10-28,Level 5,231064,62.62532512332627
Carlow County,45,2020-11-04,Level 5,279279,75.69304684034483
Carlow County,46,2020-11-11,Level 5,284488,77.10484321956189
Carlow County,47,2020-11-18,Level 5,162697,44.09580255509216
Carlow County,48,2020-11-25,Level 5,0,0
Cavan County,1,2020-01-01,Pre-restrictions,330908,91.82154105138534
Cavan County,2,2020-01-08,Pre-restrictions,365226,101.34422302281376
Cavan County,3,2020-01-15,Pre-restrictions,379758,105.37661460766132
Cavan County,4,2020-01-22,Pre-restrictions,385091,106.85643461330348
Cavan County,6,2020-02-05,Pre-restrictions,377672,104.79778383103098
Cavan County,7,2020-02-12,Pre-restrictions,385976,107.10200759380102
Cavan County,8,2020-02-19,Pre-restrictions,397729,110.36327227152694
Cavan County,9,2020-02-26,Pre-restrictions,384752,106.76236767501122
Cavan County,10,2020-03-04,Pre-restrictions,404026,112.11058646157545
Cavan County,11,2020-03-11,Pre-restrictions,314628,87.30410814460595
Cavan County,12,2020-03-18,School Shutdown,266957,74.07618774539955
Cavan County,13,2020-03-25,School Shutdown,181680,50.4132193184078
Cavan County,14,2020-04-01,Full Restrictions,136792,37.95753576069815
Cavan County,15,2020-04-08,Full Restrictions,114877,31.876482802954275
Cavan County,16,2020-04-15,Full Restrictions,141463,39.253661627256285
Cavan County,17,2020-04-22,Full Restrictions,149113,41.37641111969255
Cavan County,18,2020-04-29,Full Restrictions,145864,40.474866923493146
Cavan County,19,2020-05-06,Full Restrictions,173071,48.0243630595341
Cavan County,20,2020-05-13,Full Restrictions,196823,54.61515337905646
Cavan County,21,2020-05-20,Phase 1,234801,65.15342530372892
Cavan County,22,2020-05-27,Phase 1,240279,66.67348043046954
Cavan County,23,2020-06-03,Phase 1,270258,74.99216108847564
Cavan County,24,2020-06-10,Phase 2,293524,81.4480943814197
Cavan County,25,2020-06-17,Phase 2,296627,82.30912597292685
Cavan County,26,2020-06-24,Phase 2,314331,87.22169551725254
Cavan County,27,2020-07-01,Phase 3,346737,96.2138288573688
Cavan County,28,2020-07-08,Phase 3,358116,99.37131467102007
Cavan County,29,2020-07-15,Phase 3,372246,103.29215785116705
Cavan County,30,2020-07-22,Phase 3,374823,104.00723307234459
Cavan County,31,2020-07-29,Phase 3,386944,107.37061171258249
Cavan County,32,2020-08-05,Phase 3,392945,109.03579075887137
Cavan County,33,2020-08-12,Phase 3,411871,114.28744525479931
Cavan County,34,2020-08-19,Phase 3,391828,108.72584158461632
Cavan County,35,2020-08-26,Phase 3,403123,111.86001877638985
Cavan County,36,2020-09-02,Phase 3,387430,107.50546873916078
Cavan County,37,2020-09-09,Phase 3,391373,108.59958654944526
Cavan County,38,2020-09-16,Phase 3,391467,108.62567000726082
Cavan County,39,2020-09-23,Phase 3,380800,105.66575251238271
Cavan County,40,2020-09-30,Phase 3,359505,99.75673938278399
Cavan County,41,2020-10-07,Level 3,305926,84.88944591151048
Cavan County,42,2020-10-14,Level 3,293361,81.40286455563314
Cavan County,43,2020-10-21,Level 5,243182,67.4790153032202
Cavan County,44,2020-10-28,Level 5,235874,65.45116519985756
Cavan County,45,2020-11-04,Level 5,287234,79.70272257652766
Cavan County,46,2020-11-11,Level 5,290995,80.74633837274371
Cavan County,47,2020-11-18,Level 5,159047,44.13293314032807
Cavan County,48,2020-11-25,Level 5,0,0
Clare County,1,2020-01-01,Pre-restrictions,984665,93.82057795140696
Clare County,2,2020-01-08,Pre-restrictions,1044211,99.49422343966386
Clare County,3,2020-01-15,Pre-restrictions,1109778,105.74156018316533
Clare County,4,2020-01-22,Pre-restrictions,1131003,107.76391475758264
Clare County,6,2020-02-05,Pre-restrictions,1085791,103.45603748933505
Clare County,7,2020-02-12,Pre-restrictions,1133841,108.03432428795703
Clare County,8,2020-02-19,Pre-restrictions,1164631,110.9680485445558
Clare County,9,2020-02-26,Pre-restrictions,1131694,107.82975442829748
Clare County,10,2020-03-04,Pre-restrictions,1140457,108.66470816849154
Clare County,11,2020-03-11,Pre-restrictions,868592,82.76094249716246
Clare County,12,2020-03-18,School Shutdown,690163,65.75991991253561
Clare County,13,2020-03-25,School Shutdown,466383,44.43777590013967
Clare County,14,2020-04-01,Full Restrictions,337777,32.183974609326405
Clare County,15,2020-04-08,Full Restrictions,278870,26.571214142179173
Clare County,16,2020-04-15,Full Restrictions,338101,32.21484588763553
Clare County,17,2020-04-22,Full Restrictions,352831,33.61834567002266
Clare County,18,2020-04-29,Full Restrictions,323844,30.8564143603108
Clare County,19,2020-05-06,Full Restrictions,408127,38.88704383478022
Clare County,20,2020-05-13,Full Restrictions,461598,43.981852854741
Clare County,21,2020-05-20,Phase 1,546827,52.102618839335214
Clare County,22,2020-05-27,Phase 1,532165,50.70559821412407
Clare County,23,2020-06-03,Phase 1,638920,60.87739857181166
Clare County,24,2020-06-10,Phase 2,751686,71.62193736751209
Clare County,25,2020-06-17,Phase 2,780399,74.35776148507364
Clare County,26,2020-06-24,Phase 2,857657,81.71903685422944
Clare County,27,2020-07-01,Phase 3,974047,92.80887661472083
Clare County,28,2020-07-08,Phase 3,1038658,98.96512403086577
Clare County,29,2020-07-15,Phase 3,1092510,104.09623538735673
Clare County,30,2020-07-22,Phase 3,1088093,103.67537601608694
Clare County,31,2020-07-29,Phase 3,1116880,106.41825098116354
Clare County,32,2020-08-05,Phase 3,1161373,110.65762069044736
Clare County,33,2020-08-12,Phase 3,1139565,108.57971687141827
Clare County,34,2020-08-19,Phase 3,1050551,100.09830956460168
Clare County,35,2020-08-26,Phase 3,1056365,100.6522775031488
Clare County,36,2020-09-02,Phase 3,1010239,96.25731273991805
Clare County,37,2020-09-09,Phase 3,1037216,98.82772778604553
Clare County,38,2020-09-16,Phase 3,1069821,101.93438837020929
Clare County,39,2020-09-23,Phase 3,1029299,98.07338238365864
Clare County,40,2020-09-30,Phase 3,968579,92.28787615239273
Clare County,41,2020-10-07,Level 3,739516,70.46235879645633
Clare County,42,2020-10-14,Level 3,748547,71.32284803846163
Clare County,43,2020-10-21,Level 5,568874,54.20329499020345
Clare County,44,2020-10-28,Level 5,564269,53.764522654976524
Clare County,45,2020-11-04,Level 5,671734,64.00397303611929
Clare County,46,2020-11-11,Level 5,684567,65.22672338964095
Clare County,47,2020-11-18,Level 5,386192,36.797039236907736
Clare County,48,2020-11-25,Level 5,0,0
Cork City,1,2020-01-01,Pre-restrictions,1098480,90.44416013202992
Cork City,2,2020-01-08,Pre-restrictions,1262072,103.91362798244053
Cork City,3,2020-01-15,Pre-restrictions,1293546,106.5050629616805
Cork City,4,2020-01-22,Pre-restrictions,1308457,107.73277113272475
Cork City,6,2020-02-05,Pre-restrictions,1277783,105.20720474290437
Cork City,7,2020-02-12,Pre-restrictions,1291549,106.34063849534185
Cork City,8,2020-02-19,Pre-restrictions,1313649,108.16025827805784
Cork City,9,2020-02-26,Pre-restrictions,1311682,107.99830388382243
Cork City,10,2020-03-04,Pre-restrictions,1304105,107.37444600628221
Cork City,11,2020-03-11,Pre-restrictions,968057,79.70568633469203
Cork City,12,2020-03-18,School Shutdown,839863,69.15073889462442
Cork City,13,2020-03-25,School Shutdown,570957,47.01016526154633
Cork City,14,2020-04-01,Full Restrictions,418585,34.46450437774538
Cork City,15,2020-04-08,Full Restrictions,353040,29.067808510862143
Cork City,16,2020-04-15,Full Restrictions,426857,35.14558559234388
Cork City,17,2020-04-22,Full Restrictions,452450,37.252804103613116
Cork City,18,2020-04-29,Full Restrictions,429154,35.334710779714854
Cork City,19,2020-05-06,Full Restrictions,526087,43.31576075247545
Cork City,20,2020-05-13,Full Restrictions,607657,50.03188680116971
Cork City,21,2020-05-20,Phase 1,758889,62.483684945047756
Cork City,22,2020-05-27,Phase 1,738901,60.83795823839946
Cork City,23,2020-06-03,Phase 1,889072,73.20239816555979
Cork City,24,2020-06-10,Phase 2,993475,81.79849609202573
Cork City,25,2020-06-17,Phase 2,1033036,85.05578017456091
Cork City,26,2020-06-24,Phase 2,1072036,88.2668739087656
Cork City,27,2020-07-01,Phase 3,1126291,92.73399930746497
Cork City,28,2020-07-08,Phase 3,1144675,94.247659492327
Cork City,29,2020-07-15,Phase 3,1159068,95.43271775172208
Cork City,30,2020-07-22,Phase 3,1151907,94.84311154068003
Cork City,31,2020-07-29,Phase 3,1101278,90.67453552352491
Cork City,32,2020-08-05,Phase 3,1161596,95.64086249428796
Cork City,33,2020-08-12,Phase 3,1154442,95.05183263340334
Cork City,34,2020-08-19,Phase 3,1135129,93.46168254907782
Cork City,35,2020-08-26,Phase 3,1190375,98.0104026629207
Cork City,36,2020-09-02,Phase 3,1185594,97.61675550540191
Cork City,37,2020-09-09,Phase 3,1192577,98.19170595529809
Cork City,38,2020-09-16,Phase 3,1195189,98.40676689975304
Cork City,39,2020-09-23,Phase 3,1185368,97.59814762889087
Cork City,40,2020-09-30,Phase 3,1161741,95.65280117612025
Cork City,41,2020-10-07,Level 3,1092156,89.92346893266811
Cork City,42,2020-10-14,Level 3,1092254,89.93153783487202
Cork City,43,2020-10-21,Level 5,764402,62.93760186188546
Cork City,44,2020-10-28,Level 5,737865,60.7526584151011
Cork City,45,2020-11-04,Level 5,889785,73.26110354587998
Cork City,46,2020-11-11,Level 5,915526,75.38050774619185
Cork City,47,2020-11-18,Level 5,503510,41.45686682331803
Cork City,48,2020-11-25,Level 5,0,0
Cork County,1,2020-01-01,Pre-restrictions,4410781,87.25961720759186
Cork County,2,2020-01-08,Pre-restrictions,4999164,98.89974972640304
Cork County,3,2020-01-15,Pre-restrictions,5590367,110.59567103194506
Cork County,4,2020-01-22,Pre-restrictions,5691010,112.5867174372469
Cork County,6,2020-02-05,Pre-restrictions,5477362,108.36006399488203
Cork County,7,2020-02-12,Pre-restrictions,5163693,102.15466933350842
Cork County,8,2020-02-19,Pre-restrictions,5322114,105.28875280254574
Cork County,9,2020-02-26,Pre-restrictions,5277473,104.40560839529358
Cork County,10,2020-03-04,Pre-restrictions,5192305,102.72070790299162
Cork County,11,2020-03-11,Pre-restrictions,3962567,78.39248413816865
Cork County,12,2020-03-18,School Shutdown,3400060,67.26426319575712
Cork County,13,2020-03-25,School Shutdown,2318682,45.87108354419172
Cork County,14,2020-04-01,Full Restrictions,1669573,33.02959291792786
Cork County,15,2020-04-08,Full Restrictions,1386017,27.4199314958541
Cork County,16,2020-04-15,Full Restrictions,1693299,33.49897049025968
Cork County,17,2020-04-22,Full Restrictions,1775010,35.115480260672115
Cork County,18,2020-04-29,Full Restrictions,1665308,32.9452173238119
Cork County,19,2020-05-06,Full Restrictions,2064878,40.85001360538595
Cork County,20,2020-05-13,Full Restrictions,2352796,46.54596959757315
Cork County,21,2020-05-20,Phase 1,2904620,57.46284599791181
Cork County,22,2020-05-27,Phase 1,2874151,56.86006991886864
Cork County,23,2020-06-03,Phase 1,3491822,69.07961448937226
Cork County,24,2020-06-10,Phase 2,3940751,77.96089258805523
Cork County,25,2020-06-17,Phase 2,4159533,82.28911327548255
Cork County,26,2020-06-24,Phase 2,4386742,86.78404747559807
Cork County,27,2020-07-01,Phase 3,4676823,92.52279465420328
Cork County,28,2020-07-08,Phase 3,4771192,94.38972090065786
Cork County,29,2020-07-15,Phase 3,4930579,97.54291499663917
Cork County,30,2020-07-22,Phase 3,4899546,96.92898116024982
Cork County,31,2020-07-29,Phase 3,4718391,93.345145110525
Cork County,32,2020-08-05,Phase 3,5011278,99.13940411025315
Cork County,33,2020-08-12,Phase 3,4900969,96.95713273596542
Cork County,34,2020-08-19,Phase 3,4790404,94.76979684770495
Cork County,35,2020-08-26,Phase 3,4952732,97.9811735045995
Cork County,36,2020-09-02,Phase 3,4925513,97.44269301310072
Cork County,37,2020-09-09,Phase 3,4982697,98.57397882175886
Cork County,38,2020-09-16,Phase 3,5480648,108.42507177970384
Cork County,39,2020-09-23,Phase 3,5362260,106.08297146640959
Cork County,40,2020-09-30,Phase 3,5160359,102.08871195231673
Cork County,41,2020-10-07,Level 3,4756590,94.1008457716353
Cork County,42,2020-10-14,Level 3,4745836,93.88809661826531
Cork County,43,2020-10-21,Level 5,3347442,66.22330774178444
Cork County,44,2020-10-28,Level 5,3223136,63.76413010938625
Cork County,45,2020-11-04,Level 5,3897898,77.11312064558133
Cork County,46,2020-11-11,Level 5,4022834,79.5847617303343
Cork County,47,2020-11-18,Level 5,2184866,43.223767131009765
Cork County,48,2020-11-25,Level 5,0,0
Donegal County,1,2020-01-01,Pre-restrictions,636510,95.40688477640813
Donegal County,2,2020-01-08,Pre-restrictions,674179,101.05311491048698
Donegal County,3,2020-01-15,Pre-restrictions,707912,106.10937552565811
Donegal County,4,2020-01-22,Pre-restrictions,724521,108.59890899606921
Donegal County,6,2020-02-05,Pre-restrictions,702145,105.24495626357968
Donegal County,7,2020-02-12,Pre-restrictions,726213,108.8525239416972
Donegal County,8,2020-02-19,Pre-restrictions,695568,104.25912559136017
Donegal County,9,2020-02-26,Pre-restrictions,704448,105.5901543840178
Donegal County,10,2020-03-04,Pre-restrictions,729960,109.414164131572
Donegal County,11,2020-03-11,Pre-restrictions,602131,90.25379481438377
Donegal County,12,2020-03-18,School Shutdown,497645,74.59232246870533
Donegal County,13,2020-03-25,School Shutdown,319150,47.83759450187846
Donegal County,14,2020-04-01,Full Restrictions,244805,36.693975629115954
Donegal County,15,2020-04-08,Full Restrictions,197610,29.619887355526252
Donegal County,16,2020-04-15,Full Restrictions,248824,37.29638607029737
Donegal County,17,2020-04-22,Full Restrictions,264329,39.62044028540508
Donegal County,18,2020-04-29,Full Restrictions,250287,37.51567606170031
Donegal County,19,2020-05-06,Full Restrictions,302501,45.342065406275225
Donegal County,20,2020-05-13,Full Restrictions,349182,52.33910989614577
Donegal County,21,2020-05-20,Phase 1,414542,62.13596146012126
Donegal County,22,2020-05-27,Phase 1,438657,65.75057399783958
Donegal County,23,2020-06-03,Phase 1,485668,72.79708239554539
Donegal County,24,2020-06-10,Phase 2,572790,85.85585384531088
Donegal County,25,2020-06-17,Phase 2,598524,89.7131393126815
Donegal County,26,2020-06-24,Phase 2,631011,94.58263620311712
Donegal County,27,2020-07-01,Phase 3,709766,106.38727275331432
Donegal County,28,2020-07-08,Phase 3,785314,117.7112100537308
Donegal County,29,2020-07-15,Phase 3,798247,119.64974556898315
Donegal County,30,2020-07-22,Phase 3,800009,119.91385285869744
Donegal County,31,2020-07-29,Phase 3,819803,122.88078798503359
Donegal County,32,2020-08-05,Phase 3,854422,128.06985169821087
Donegal County,33,2020-08-12,Phase 3,861284,129.09840119992447
Donegal County,34,2020-08-19,Phase 3,770758,115.52940204630688
Donegal County,35,2020-08-26,Phase 3,792840,118.83928693363409
Donegal County,36,2020-09-02,Phase 3,732164,109.74452307965954
Donegal County,37,2020-09-09,Phase 3,739243,110.80559884804056
Donegal County,38,2020-09-16,Phase 3,732468,109.79008983111989
Donegal County,39,2020-09-23,Phase 3,597568,89.5698438705891
Donegal County,40,2020-09-30,Phase 3,496595,74.43493730741136
Donegal County,41,2020-10-07,Level 3,524647,78.63966925466718
Donegal County,42,2020-10-14,Level 3,520325,77.99184195265522
Donegal County,43,2020-10-21,Level 5,428213,64.18511626016883
Donegal County,44,2020-10-28,Level 5,403664,60.505451189115675
Donegal County,45,2020-11-04,Level 5,502709,75.35136861803171
Donegal County,46,2020-11-11,Level 5,503551,75.4775765283265
Donegal County,47,2020-11-18,Level 5,265164,39.74559896129124
Donegal County,48,2020-11-25,Level 5,0,0
Dublin City,1,2020-01-01,Pre-restrictions,264627,95.43536590643528
Dublin City,2,2020-01-08,Pre-restrictions,284674,102.66513754850624
Dublin City,3,2020-01-15,Pre-restrictions,287702,103.75715872535018
Dublin City,4,2020-01-22,Pre-restrictions,288002,103.86535104802297
Dublin City,6,2020-02-05,Pre-restrictions,298522,107.65929516308191
Dublin City,7,2020-02-12,Pre-restrictions,295385,106.52796410900017
Dublin City,8,2020-02-19,Pre-restrictions,299649,108.06573765525597
Dublin City,9,2020-02-26,Pre-restrictions,296368,106.88247428629131
Dublin City,10,2020-03-04,Pre-restrictions,292573,105.51384140448062
Dublin City,11,2020-03-11,Pre-restrictions,225646,81.37721613940941
Dublin City,12,2020-03-18,School Shutdown,170197,61.38002913979891
Dublin City,13,2020-03-25,School Shutdown,112069,40.416684698720445
Dublin City,14,2020-04-01,Full Restrictions,82820,29.868293879199665
Dublin City,15,2020-04-08,Full Restrictions,73182,26.392435192798718
Dublin City,16,2020-04-15,Full Restrictions,85785,30.937594668282337
Dublin City,17,2020-04-22,Full Restrictions,90777,32.73791491755745
Dublin City,18,2020-04-29,Full Restrictions,88523,31.92502993320927
Dublin City,19,2020-05-06,Full Restrictions,105082,37.89688550367132
Dublin City,20,2020-05-13,Full Restrictions,119089,42.94838504926357
Dublin City,21,2020-05-20,Phase 1,141898,51.174247342075276
Dublin City,22,2020-05-27,Phase 1,141632,51.078316815972066
Dublin City,23,2020-06-03,Phase 1,160276,57.80210902900996
Dublin City,24,2020-06-10,Phase 2,186256,67.17156417247298
Dublin City,25,2020-06-17,Phase 2,194603,70.1818352303054
Dublin City,26,2020-06-24,Phase 2,202843,73.15351769305117
Dublin City,27,2020-07-01,Phase 3,215817,77.83247500757346
Dublin City,28,2020-07-08,Phase 3,220044,79.35690483403299
Dublin City,29,2020-07-15,Phase 3,225553,81.34367651938085
Dublin City,30,2020-07-22,Phase 3,224121,80.8272384991561
Dublin City,31,2020-07-29,Phase 3,219379,79.11707851877497
Dublin City,32,2020-08-05,Phase 3,227031,81.87670402908209
Dublin City,33,2020-08-12,Phase 3,228491,82.40323999942298
Dublin City,34,2020-08-19,Phase 3,227178,81.92971826719176
Dublin City,35,2020-08-26,Phase 3,232707,83.92370277405115
Dublin City,36,2020-09-02,Phase 3,230535,83.1403903579002
Dublin City,37,2020-09-09,Phase 3,232614,83.89016315402259
Dublin City,38,2020-09-16,Phase 3,219245,79.06875261464779
Dublin City,39,2020-09-23,Phase 3,213839,77.11912696008424
Dublin City,40,2020-09-30,Phase 3,210948,76.07651361059419
Dublin City,41,2020-10-07,Level 3,211966,76.4436462255305
Dublin City,42,2020-10-14,Level 3,211868,76.40830340012405
Dublin City,43,2020-10-21,Level 5,164975,59.49676144314133
Dublin City,44,2020-10-28,Level 5,155093,55.93290633429985
Dublin City,45,2020-11-04,Level 5,184854,66.66594538451551
Dublin City,46,2020-11-11,Level 5,187593,67.65374129051803
Dublin City,47,2020-11-18,Level 5,98832,35.64287878132168
Dublin City,48,2020-11-25,Level 5,0,0
Dún Laoghaire-Rathdown,1,2020-01-01,Pre-restrictions,3263236,91.34385277656273
Dún Laoghaire-Rathdown,2,2020-01-08,Pre-restrictions,3705401,103.72084747230306
Dún Laoghaire-Rathdown,3,2020-01-15,Pre-restrictions,3823300,107.0210528201553
Dún Laoghaire-Rathdown,4,2020-01-22,Pre-restrictions,3884401,108.73137985396491
Dún Laoghaire-Rathdown,6,2020-02-05,Pre-restrictions,3719962,104.12843608688058
Dún Laoghaire-Rathdown,7,2020-02-12,Pre-restrictions,3779475,105.79431214067858
Dún Laoghaire-Rathdown,8,2020-02-19,Pre-restrictions,3825197,107.07415326668051
Dún Laoghaire-Rathdown,9,2020-02-26,Pre-restrictions,3851381,107.80709058445387
Dún Laoghaire-Rathdown,10,2020-03-04,Pre-restrictions,3894569,109.01600048668412
Dún Laoghaire-Rathdown,11,2020-03-11,Pre-restrictions,3069550,85.92223280519647
Dún Laoghaire-Rathdown,12,2020-03-18,School Shutdown,2578538,72.17792260528276
Dún Laoghaire-Rathdown,13,2020-03-25,School Shutdown,1513438,42.36385534434394
Dún Laoghaire-Rathdown,14,2020-04-01,Full Restrictions,973255,27.24316029672802
Dún Laoghaire-Rathdown,15,2020-04-08,Full Restrictions,789606,22.102494032148023
Dún Laoghaire-Rathdown,16,2020-04-15,Full Restrictions,1000652,28.010051669132434
Dún Laoghaire-Rathdown,17,2020-04-22,Full Restrictions,1060282,29.679202763649176
Dún Laoghaire-Rathdown,18,2020-04-29,Full Restrictions,991884,27.764619557834045
Dún Laoghaire-Rathdown,19,2020-05-06,Full Restrictions,1273252,35.6406166257862
Dún Laoghaire-Rathdown,20,2020-05-13,Full Restrictions,1541461,43.148269584183666
Dún Laoghaire-Rathdown,21,2020-05-20,Phase 1,2009420,56.24728479530155
Dún Laoghaire-Rathdown,22,2020-05-27,Phase 1,2080845,58.24659918278871
Dún Laoghaire-Rathdown,23,2020-06-03,Phase 1,2451624,68.62537117128146
Dún Laoghaire-Rathdown,24,2020-06-10,Phase 2,2933527,82.1147040557507
Dún Laoghaire-Rathdown,25,2020-06-17,Phase 2,3096438,86.67487635088432
Dún Laoghaire-Rathdown,26,2020-06-24,Phase 2,3339294,93.47285317815177
Dún Laoghaire-Rathdown,27,2020-07-01,Phase 3,3516927,98.4451207678263
Dún Laoghaire-Rathdown,28,2020-07-08,Phase 3,3628122,101.55766908167485
Dún Laoghaire-Rathdown,29,2020-07-15,Phase 3,3778370,105.76338120055715
Dún Laoghaire-Rathdown,30,2020-07-22,Phase 3,3656047,102.33934012501511
Dún Laoghaire-Rathdown,31,2020-07-29,Phase 3,3652354,102.23596640386721
Dún Laoghaire-Rathdown,32,2020-08-05,Phase 3,3723252,104.22052911221951
Dún Laoghaire-Rathdown,33,2020-08-12,Phase 3,3620757,101.35150946720033
Dún Laoghaire-Rathdown,34,2020-08-19,Phase 3,3541893,99.14396407196357
Dún Laoghaire-Rathdown,35,2020-08-26,Phase 3,3155662,88.33266277418903
Dún Laoghaire-Rathdown,36,2020-09-02,Phase 3,3114204,87.17217868771452
Dún Laoghaire-Rathdown,37,2020-09-09,Phase 3,3319127,92.90834252708487
Dún Laoghaire-Rathdown,38,2020-09-16,Phase 3,3371968,94.38745728451165
Dún Laoghaire-Rathdown,39,2020-09-23,Phase 3,3236703,90.60114632023516
Dún Laoghaire-Rathdown,40,2020-09-30,Phase 3,3180966,89.04096730706932
Dún Laoghaire-Rathdown,41,2020-10-07,Level 3,2703304,75.67034765070413
Dún Laoghaire-Rathdown,42,2020-10-14,Level 3,2855135,79.92037079059297
Dún Laoghaire-Rathdown,43,2020-10-21,Level 5,2112590,59.13519890600577
Dún Laoghaire-Rathdown,44,2020-10-28,Level 5,2090717,58.52293424240751
Dún Laoghaire-Rathdown,45,2020-11-04,Level 5,2498102,69.92637409885062
Dún Laoghaire-Rathdown,46,2020-11-11,Level 5,2540297,71.10748814267309
Dún Laoghaire-Rathdown,47,2020-11-18,Level 5,1418965,39.71938592706606
Dún Laoghaire-Rathdown,48,2020-11-25,Level 5,0,0
Fingal,1,2020-01-01,Pre-restrictions,7485732,91.09747423095472
Fingal,2,2020-01-08,Pre-restrictions,8560737,104.17972728057599
Fingal,3,2020-01-15,Pre-restrictions,8710509,106.00237480663202
Fingal,4,2020-01-22,Pre-restrictions,8826071,107.40870438362964
Fingal,6,2020-02-05,Pre-restrictions,8748723,106.46741935808828
Fingal,7,2020-02-12,Pre-restrictions,8845245,107.64204201459269
Fingal,8,2020-02-19,Pre-restrictions,8999269,109.51643417436392
Fingal,9,2020-02-26,Pre-restrictions,8810312,107.21692553068571
Fingal,10,2020-03-04,Pre-restrictions,8909451,108.42339571927684
Fingal,11,2020-03-11,Pre-restrictions,6783090,82.54668567900195
Fingal,12,2020-03-18,School Shutdown,5598683,68.13306705607204
Fingal,13,2020-03-25,School Shutdown,3646129,44.371498020532485
Fingal,14,2020-04-01,Full Restrictions,2624949,31.94426729210588
Fingal,15,2020-04-08,Full Restrictions,2202966,26.80895314134535
Fingal,16,2020-04-15,Full Restrictions,2691320,32.751967923411236
Fingal,17,2020-04-22,Full Restrictions,2840090,34.562421629386705
Fingal,18,2020-04-29,Full Restrictions,2634144,32.05616567098902
Fingal,19,2020-05-06,Full Restrictions,3280724,39.9247087724854
Fingal,20,2020-05-13,Full Restrictions,3780438,46.00596886005563
Fingal,21,2020-05-20,Phase 1,4515012,54.945353283079235
Fingal,22,2020-05-27,Phase 1,4480203,54.521745814830936
Fingal,23,2020-06-03,Phase 1,5356044,65.18027632699909
Fingal,24,2020-06-10,Phase 2,6156059,74.916043763888
Fingal,25,2020-06-17,Phase 2,6421962,78.151945301698
Fingal,26,2020-06-24,Phase 2,6590112,80.19824355174691
Fingal,27,2020-07-01,Phase 3,7144066,86.9395762951759
Fingal,28,2020-07-08,Phase 3,7165104,87.19559783894356
Fingal,29,2020-07-15,Phase 3,7245696,88.1763606612328
Fingal,30,2020-07-22,Phase 3,7277926,88.56858303767692
Fingal,31,2020-07-29,Phase 3,6977814,84.91637572028962
Fingal,32,2020-08-05,Phase 3,7390826,89.94251745593752
Fingal,33,2020-08-12,Phase 3,7363869,89.61446475343043
Fingal,34,2020-08-19,Phase 3,7282279,88.62155678898506
Fingal,35,2020-08-26,Phase 3,7316860,89.04238961553837
Fingal,36,2020-09-02,Phase 3,7330412,89.20731042365412
Fingal,37,2020-09-09,Phase 3,7047925,85.76959021097757
Fingal,38,2020-09-16,Phase 3,6672131,81.19637222359204
Fingal,39,2020-09-23,Phase 3,6940044,84.45673441844991
Fingal,40,2020-09-30,Phase 3,6781495,82.52727535661819
Fingal,41,2020-10-07,Level 3,6266933,76.26532281340285
Fingal,42,2020-10-14,Level 3,6571014,79.96583080134883
Fingal,43,2020-10-21,Level 5,5080576,61.82797370229217
Fingal,44,2020-10-28,Level 5,4999127,60.83678163468448
Fingal,45,2020-11-04,Level 5,5837331,71.03728938600167
Fingal,46,2020-11-11,Level 5,5956712,72.49009421139024
Fingal,47,2020-11-18,Level 5,3292344,40.06611814308051
Fingal,48,2020-11-25,Level 5,0,0
Galway City,1,2020-01-01,Pre-restrictions,140967,92.15912029544312
Galway City,2,2020-01-08,Pre-restrictions,160557,104.966352956901
Galway City,3,2020-01-15,Pre-restrictions,167735,109.6590694471483
Galway City,4,2020-01-22,Pre-restrictions,168974,110.46908278392962
Galway City,6,2020-02-05,Pre-restrictions,160978,105.24158751282104
Galway City,7,2020-02-12,Pre-restrictions,159219,104.09161700483205
Galway City,8,2020-02-19,Pre-restrictions,163895,107.14861649053786
Galway City,9,2020-02-26,Pre-restrictions,155292,101.5242865984234
Galway City,10,2020-03-04,Pre-restrictions,163320,106.77270231083709
Galway City,11,2020-03-11,Pre-restrictions,125807,82.24806122715822
Galway City,12,2020-03-18,School Shutdown,108436,70.89153041744997
Galway City,13,2020-03-25,School Shutdown,75765,49.53241360874707
Galway City,14,2020-04-01,Full Restrictions,58602,38.311865667521886
Galway City,15,2020-04-08,Full Restrictions,49250,32.19786669611025
Galway City,16,2020-04-15,Full Restrictions,59577,38.94928536353625
Galway City,17,2020-04-22,Full Restrictions,65350,42.72346372773208
Galway City,18,2020-04-29,Full Restrictions,61411,40.148288155834045
Galway City,19,2020-05-06,Full Restrictions,75204,49.165652122117265
Galway City,20,2020-05-13,Full Restrictions,85171,55.681715824861044
Galway City,21,2020-05-20,Phase 1,100767,65.87781590592775
Galway City,22,2020-05-27,Phase 1,100177,65.49209526936521
Galway City,23,2020-06-03,Phase 1,117821,77.02710359395748
Galway City,24,2020-06-10,Phase 2,129709,84.79904753879725
Galway City,25,2020-06-17,Phase 2,134491,87.92534598632618
Galway City,26,2020-06-24,Phase 2,141125,92.26241497438699
Galway City,27,2020-07-01,Phase 3,147814,96.63544097094093
Galway City,28,2020-07-08,Phase 3,154265,100.8528711852883
Galway City,29,2020-07-15,Phase 3,156553,102.34868273860201
Galway City,30,2020-07-22,Phase 3,157362,102.87757764534622
Galway City,31,2020-07-29,Phase 3,154620,101.0849573310166
Galway City,32,2020-08-05,Phase 3,166667,108.960849718591
Galway City,33,2020-08-12,Phase 3,165141,107.96320617385469
Galway City,34,2020-08-19,Phase 3,159573,104.32304938676957
Galway City,35,2020-08-26,Phase 3,162909,106.50400539282488
Galway City,36,2020-09-02,Phase 3,159056,103.98505350693425
Galway City,37,2020-09-09,Phase 3,158586,103.67778452526579
Galway City,38,2020-09-16,Phase 3,163374,106.80800555553942
Galway City,39,2020-09-23,Phase 3,160326,104.81533352122989
Galway City,40,2020-09-30,Phase 3,153796,100.5462559674106
Galway City,41,2020-10-07,Level 3,113738,74.35778603618655
Galway City,42,2020-10-14,Level 3,44640,29.184015620596178
Galway City,43,2020-10-21,Level 5,107716,70.42082048808552
Galway City,44,2020-10-28,Level 5,103595,67.72665990626481
Galway City,45,2020-11-04,Level 5,122109,79.83044272883913
Galway City,46,2020-11-11,Level 5,124785,81.57991463297701
Galway City,47,2020-11-18,Level 5,67449,44.09571392458762
Galway City,48,2020-11-25,Level 5,0,0
Galway County,1,2020-01-01,Pre-restrictions,1322183,92.29559448425165
Galway County,2,2020-01-08,Pre-restrictions,1404698,98.05559213878814
Galway County,3,2020-01-15,Pre-restrictions,1531389,106.89931585994046
Galway County,4,2020-01-22,Pre-restrictions,1560929,108.96136919224378
Galway County,6,2020-02-05,Pre-restrictions,1492755,104.20245166088134
Galway County,7,2020-02-12,Pre-restrictions,1530079,106.80787070539348
Galway County,8,2020-02-19,Pre-restrictions,1612511,112.56207450662663
Galway County,9,2020-02-26,Pre-restrictions,1532729,106.99285517833201
Galway County,10,2020-03-04,Pre-restrictions,1604397,111.99567299212734
Galway County,11,2020-03-11,Pre-restrictions,1164983,81.32217593861587
Galway County,12,2020-03-18,School Shutdown,932685,65.10650684628698
Galway County,13,2020-03-25,School Shutdown,653977,45.65116628638202
Galway County,14,2020-04-01,Full Restrictions,483351,33.74053961483207
Galway County,15,2020-04-08,Full Restrictions,413255,28.84745598649311
Galway County,16,2020-04-15,Full Restrictions,507940,35.45698610731705
Galway County,17,2020-04-22,Full Restrictions,541690,37.81292043247741
Galway County,18,2020-04-29,Full Restrictions,506677,35.368821809459945
Galway County,19,2020-05-06,Full Restrictions,625578,43.6687609856345
Galway County,20,2020-05-13,Full Restrictions,703902,49.136203951082194
Galway County,21,2020-05-20,Phase 1,817367,57.056680638617586
Galway County,22,2020-05-27,Phase 1,806908,56.32658531693308
Galway County,23,2020-06-03,Phase 1,947567,66.14535172412509
Galway County,24,2020-06-10,Phase 2,1062607,74.1757720135013
Galway County,25,2020-06-17,Phase 2,1121126,78.26071781421416
Galway County,26,2020-06-24,Phase 2,1141308,79.6695316379293
Galway County,27,2020-07-01,Phase 3,1348302,94.11884333281057
Galway County,28,2020-07-08,Phase 3,1441619,100.63287958232135
Galway County,29,2020-07-15,Phase 3,1521138,106.1837400742451
Galway County,30,2020-07-22,Phase 3,1517503,105.92999722174264
Galway County,31,2020-07-29,Phase 3,1481743,103.43375391899494
Galway County,32,2020-08-05,Phase 3,1600560,111.72782943640468
Galway County,33,2020-08-12,Phase 3,1595253,111.35737185229722
Galway County,34,2020-08-19,Phase 3,1507058,105.20087917651892
Galway County,35,2020-08-26,Phase 3,1475519,102.99928472670463
Galway County,36,2020-09-02,Phase 3,1473371,102.84934259543222
Galway County,37,2020-09-09,Phase 3,1479524,103.278855599957
Galway County,38,2020-09-16,Phase 3,1494023,104.29096498604589
Galway County,39,2020-09-23,Phase 3,1465589,102.30611649414634
Galway County,40,2020-09-30,Phase 3,1331747,92.96321391790599
Galway County,41,2020-10-07,Level 3,1157916,80.82886074229266
Galway County,42,2020-10-14,Level 3,1149217,80.22162303282391
Galway County,43,2020-10-21,Level 5,894865,62.46646429287765
Galway County,44,2020-10-28,Level 5,858361,59.91828572678421
Galway County,45,2020-11-04,Level 5,1029751,71.88224377090964
Galway County,46,2020-11-11,Level 5,1040291,72.61799333497453
Galway County,47,2020-11-18,Level 5,561095,39.167495412617754
Galway County,48,2020-11-25,Level 5,0,0
Kerry County,1,2020-01-01,Pre-restrictions,592077,97.81045411518656
Kerry County,2,2020-01-08,Pre-restrictions,599749,99.0778598816185
Kerry County,3,2020-01-15,Pre-restrictions,646681,106.83097346740873
Kerry County,4,2020-01-22,Pre-restrictions,641633,105.99704954809847
Kerry County,6,2020-02-05,Pre-restrictions,618274,102.13816903479254
Kerry County,7,2020-02-12,Pre-restrictions,638912,105.54754341013428
Kerry County,8,2020-02-19,Pre-restrictions,677140,111.86276599083807
Kerry County,9,2020-02-26,Pre-restrictions,665303,109.90730691142532
Kerry County,10,2020-03-04,Pre-restrictions,679963,112.32912241401812
Kerry County,11,2020-03-11,Pre-restrictions,543181,89.73288993955373
Kerry County,12,2020-03-18,School Shutdown,434985,71.85903249627063
Kerry County,13,2020-03-25,School Shutdown,297131,49.08570682816509
Kerry County,14,2020-04-01,Full Restrictions,216963,35.84204344400006
Kerry County,15,2020-04-08,Full Restrictions,184425,30.46680246014164
Kerry County,16,2020-04-15,Full Restrictions,217394,35.91324415898079
Kerry County,17,2020-04-22,Full Restrictions,227424,37.570188871873405
Kerry County,18,2020-04-29,Full Restrictions,217498,35.93042484194598
Kerry County,19,2020-05-06,Full Restrictions,270755,44.72842130999404
Kerry County,20,2020-05-13,Full Restrictions,309806,51.17960256454733
Kerry County,21,2020-05-20,Phase 1,370789,61.25392553825924
Kerry County,22,2020-05-27,Phase 1,366224,60.4997926754123
Kerry County,23,2020-06-03,Phase 1,430686,71.14884253408465
Kerry County,24,2020-06-10,Phase 2,488879,80.76226064748046
Kerry County,25,2020-06-17,Phase 2,521242,86.10859182827247
Kerry County,26,2020-06-24,Phase 2,573249,94.70008970298895
Kerry County,27,2020-07-01,Phase 3,672565,111.10698113924448
Kerry County,28,2020-07-08,Phase 3,721533,119.19643963385323
Kerry County,29,2020-07-15,Phase 3,768301,126.92246060419836
Kerry County,30,2020-07-22,Phase 3,776963,128.3534132565489
Kerry County,31,2020-07-29,Phase 3,821673,135.73945494283294
Kerry County,32,2020-08-05,Phase 3,835230,137.97905608666994
Kerry County,33,2020-08-12,Phase 3,806098,133.16648246992142
Kerry County,34,2020-08-19,Phase 3,755803,124.85780506863186
Kerry County,35,2020-08-26,Phase 3,749718,123.85256991629372
Kerry County,36,2020-09-02,Phase 3,716161,118.3089912791514
Kerry County,37,2020-09-09,Phase 3,722913,119.42441408089128
Kerry County,38,2020-09-16,Phase 3,726178,119.96378840667336
Kerry County,39,2020-09-23,Phase 3,688361,113.71646256345701
Kerry County,40,2020-09-30,Phase 3,647043,106.89077546003756
Kerry County,41,2020-10-07,Level 3,522071,86.24554169536998
Kerry County,42,2020-10-14,Level 3,522735,86.35523374814771
Kerry County,43,2020-10-21,Level 5,391342,64.64925800925444
Kerry County,44,2020-10-28,Level 5,361836,59.77490001338111
Kerry County,45,2020-11-04,Level 5,444960,73.50689127105666
Kerry County,46,2020-11-11,Level 5,454554,75.09180927459522
Kerry County,47,2020-11-18,Level 5,253369,41.856273675063726
Kerry County,48,2020-11-25,Level 5,0,0
Kildare County,1,2020-01-01,Pre-restrictions,2764918,91.00099122162717
Kildare County,2,2020-01-08,Pre-restrictions,3074265,101.18244457085368
Kildare County,3,2020-01-15,Pre-restrictions,3222580,106.06389567104387
Kildare County,4,2020-01-22,Pre-restrictions,3281248,107.9948195367753
Kildare County,6,2020-02-05,Pre-restrictions,3197330,105.23284931511357
Kildare County,7,2020-02-12,Pre-restrictions,3236493,106.5218104413432
Kildare County,8,2020-02-19,Pre-restrictions,3387314,111.48574083531403
Kildare County,9,2020-02-26,Pre-restrictions,3280083,107.95647620985814
Kildare County,10,2020-03-04,Pre-restrictions,3320792,109.29632041197956
Kildare County,11,2020-03-11,Pre-restrictions,2429753,79.96979708755279
Kildare County,12,2020-03-18,School Shutdown,2007120,66.05979255108193
Kildare County,13,2020-03-25,School Shutdown,1377094,45.32391883063275
Kildare County,14,2020-04-01,Full Restrictions,970915,31.95546030368573
Kildare County,15,2020-04-08,Full Restrictions,791040,26.035283540400094
Kildare County,16,2020-04-15,Full Restrictions,997904,32.84374189181257
Kildare County,17,2020-04-22,Full Restrictions,1047211,34.4665697204009
Kildare County,18,2020-04-29,Full Restrictions,953654,31.387353723499086
Kildare County,19,2020-05-06,Full Restrictions,1223247,40.26039452485816
Kildare County,20,2020-05-13,Full Restrictions,1424963,46.89941815784175
Kildare County,21,2020-05-20,Phase 1,1734222,57.077975187095134
Kildare County,22,2020-05-27,Phase 1,1684764,55.450177536734714
Kildare County,23,2020-06-03,Phase 1,2012455,66.23538194945372
Kildare County,24,2020-06-10,Phase 2,2246099,73.92524312905682
Kildare County,25,2020-06-17,Phase 2,2199209,72.38196536154905
Kildare County,26,2020-06-24,Phase 2,2352767,77.43597788923002
Kildare County,27,2020-07-01,Phase 3,2662996,87.64646026364191
Kildare County,28,2020-07-08,Phase 3,2721799,89.58182734751396
Kildare County,29,2020-07-15,Phase 3,2774709,91.32323973136631
Kildare County,30,2020-07-22,Phase 3,2796629,92.04468670649472
Kildare County,31,2020-07-29,Phase 3,2773540,91.28476475354127
Kildare County,32,2020-08-05,Phase 3,2677687,88.12998113552199
Kildare County,33,2020-08-12,Phase 3,2794974,91.99021614336344
Kildare County,34,2020-08-19,Phase 3,2834444,93.28928147677212
Kildare County,35,2020-08-26,Phase 3,2877550,94.70801748543474
Kildare County,36,2020-09-02,Phase 3,2458114,80.90323493707909
Kildare County,37,2020-09-09,Phase 3,2366770,77.89685480495643
Kildare County,38,2020-09-16,Phase 3,2081330,68.5022460193428
Kildare County,39,2020-09-23,Phase 3,1961690,64.56456736494674
Kildare County,40,2020-09-30,Phase 3,1914305,63.004997797590015
Kildare County,41,2020-10-07,Level 3,1646054,54.17612587582138
Kildare County,42,2020-10-14,Level 3,1707635,56.20292451520924
Kildare County,43,2020-10-21,Level 5,1305903,42.98082888508686
Kildare County,44,2020-10-28,Level 5,1323416,43.557229472469324
Kildare County,45,2020-11-04,Level 5,1534745,50.51264314979185
Kildare County,46,2020-11-11,Level 5,1572866,51.767309214521305
Kildare County,47,2020-11-18,Level 5,885176,29.133556006216114
Kildare County,48,2020-11-25,Level 5,0,0
Kilkenny County,1,2020-01-01,Pre-restrictions,718304,88.68631883930728
Kilkenny County,2,2020-01-08,Pre-restrictions,805342,99.43257643934238
Kilkenny County,3,2020-01-15,Pre-restrictions,856908,105.79923835027107
Kilkenny County,4,2020-01-22,Pre-restrictions,865557,106.86709815843192
Kilkenny County,6,2020-02-05,Pre-restrictions,848080,104.70927807897452
Kilkenny County,7,2020-02-12,Pre-restrictions,871570,107.60950086700763
Kilkenny County,8,2020-02-19,Pre-restrictions,913579,112.79619559252838
Kilkenny County,9,2020-02-26,Pre-restrictions,889103,109.7742350578371
Kilkenny County,10,2020-03-04,Pre-restrictions,903521,111.55437180359533
Kilkenny County,11,2020-03-11,Pre-restrictions,668432,82.52880879738362
Kilkenny County,12,2020-03-18,School Shutdown,555539,68.59033067012007
Kilkenny County,13,2020-03-25,School Shutdown,395094,48.780784257775636
Kilkenny County,14,2020-04-01,Full Restrictions,297411,36.72022816567528
Kilkenny County,15,2020-04-08,Full Restrictions,249111,30.756807107267498
Kilkenny County,16,2020-04-15,Full Restrictions,306396,37.82957264206853
Kilkenny County,17,2020-04-22,Full Restrictions,321654,39.71342105840778
Kilkenny County,18,2020-04-29,Full Restrictions,289253,35.71299029829452
Kilkenny County,19,2020-05-06,Full Restrictions,364876,45.049880374898486
Kilkenny County,20,2020-05-13,Full Restrictions,409752,50.590552909414164
Kilkenny County,21,2020-05-20,Phase 1,478373,59.06293213196076
Kilkenny County,22,2020-05-27,Phase 1,462998,57.16463816150487
Kilkenny County,23,2020-06-03,Phase 1,542185,66.9415620404311
Kilkenny County,24,2020-06-10,Phase 2,606954,74.93834917359908
Kilkenny County,25,2020-06-17,Phase 2,645739,79.72698863012798
Kilkenny County,26,2020-06-24,Phase 2,714554,88.22332030992779
Kilkenny County,27,2020-07-01,Phase 3,799154,98.668567132729
Kilkenny County,28,2020-07-08,Phase 3,837685,103.42584615553459
Kilkenny County,29,2020-07-15,Phase 3,880348,108.69328782457912
Kilkenny County,30,2020-07-22,Phase 3,861259,106.3364401106258
Kilkenny County,31,2020-07-29,Phase 3,875560,108.1021313022674
Kilkenny County,32,2020-08-05,Phase 3,882584,108.9693584143638
Kilkenny County,33,2020-08-12,Phase 3,854365,105.48526361421453
Kilkenny County,34,2020-08-19,Phase 3,864548,106.74252068746021
Kilkenny County,35,2020-08-26,Phase 3,893450,110.3109429530938
Kilkenny County,36,2020-09-02,Phase 3,880771,108.74551405869313
Kilkenny County,37,2020-09-09,Phase 3,904773,111.70895157927083
Kilkenny County,38,2020-09-16,Phase 3,906870,111.96786035689985
Kilkenny County,39,2020-09-23,Phase 3,845802,104.42802190566078
Kilkenny County,40,2020-09-30,Phase 3,805570,99.46072674992867
Kilkenny County,41,2020-10-07,Level 3,681168,84.10127526943086
Kilkenny County,42,2020-10-14,Level 3,687781,84.91775774270725
Kilkenny County,43,2020-10-21,Level 5,538758,66.51844311771549
Kilkenny County,44,2020-10-28,Level 5,537265,66.33410796988521
Kilkenny County,45,2020-11-04,Level 5,634039,78.28243321846398
Kilkenny County,46,2020-11-11,Level 5,641039,79.14669713997235
Kilkenny County,47,2020-11-18,Level 5,363438,44.87233587216576
Kilkenny County,48,2020-11-25,Level 5,0,0
Laois County,1,2020-01-01,Pre-restrictions,1118581,92.97757727759868
Laois County,2,2020-01-08,Pre-restrictions,1161057,96.50822510054871
Laois County,3,2020-01-15,Pre-restrictions,1259334,104.67710814264453
Laois County,4,2020-01-22,Pre-restrictions,1309009,108.80614408305895
Laois County,6,2020-02-05,Pre-restrictions,1257314,104.50920371185161
Laois County,7,2020-02-12,Pre-restrictions,1276109,106.07146300727366
Laois County,8,2020-02-19,Pre-restrictions,1370225,113.89447954613716
Laois County,9,2020-02-26,Pre-restrictions,1318647,109.60726433255496
Laois County,10,2020-03-04,Pre-restrictions,1330838,110.6205925086917
Laois County,11,2020-03-11,Pre-restrictions,984560,81.83761702052202
Laois County,12,2020-03-18,School Shutdown,749229,62.27666771214421
Laois County,13,2020-03-25,School Shutdown,520006,43.223421504401536
Laois County,14,2020-04-01,Full Restrictions,370955,30.834152537019328
Laois County,15,2020-04-08,Full Restrictions,304028,25.27111301242715
Laois County,16,2020-04-15,Full Restrictions,376143,31.265384312738902
Laois County,17,2020-04-22,Full Restrictions,395107,32.8416910580639
Laois County,18,2020-04-29,Full Restrictions,366726,30.482633805423703
Laois County,19,2020-05-06,Full Restrictions,466983,38.81609643809868
Laois County,20,2020-05-13,Full Restrictions,539220,44.82050850106229
Laois County,21,2020-05-20,Phase 1,640725,53.25770614840536
Laois County,22,2020-05-27,Phase 1,615236,51.13903484321717
Laois County,23,2020-06-03,Phase 1,738860,61.41478600774245
Laois County,24,2020-06-10,Phase 2,822924,68.40227020089793
Laois County,25,2020-06-17,Phase 2,891756,74.12365524066857
Laois County,26,2020-06-24,Phase 2,960440,79.83273837164843
Laois County,27,2020-07-01,Phase 3,1161100,96.51179930377847
Laois County,28,2020-07-08,Phase 3,1192850,99.1508912234193
Laois County,29,2020-07-15,Phase 3,1229619,102.20716746887672
Laois County,30,2020-07-22,Phase 3,1261890,104.88956543230128
Laois County,31,2020-07-29,Phase 3,1227737,102.05073373682116
Laois County,32,2020-08-05,Phase 3,1199673,99.71802584287471
Laois County,33,2020-08-12,Phase 3,1172628,97.47001825337279
Laois County,34,2020-08-19,Phase 3,1179109,98.00872548900088
Laois County,35,2020-08-26,Phase 3,1139458,94.71289450614486
Laois County,36,2020-09-02,Phase 3,1188347,98.77659733635969
Laois County,37,2020-09-09,Phase 3,1214360,100.93882404834761
Laois County,38,2020-09-16,Phase 3,1145830,95.24254155219057
Laois County,39,2020-09-23,Phase 3,1058593,87.9913144090817
Laois County,40,2020-09-30,Phase 3,981649,81.5956517739685
Laois County,41,2020-10-07,Level 3,837981,69.65382317834776
Laois County,42,2020-10-14,Level 3,835872,69.47852097807933
Laois County,43,2020-10-21,Level 5,679391,56.4716629409985
Laois County,44,2020-10-28,Level 5,646173,53.71054938551411
Laois County,45,2020-11-04,Level 5,753749,62.652374656294654
Laois County,46,2020-11-11,Level 5,771708,64.1451447912499
Laois County,47,2020-11-18,Level 5,428297,35.60047722539868
Laois County,48,2020-11-25,Level 5,0,0
Leitrim County,1,2020-01-01,Pre-restrictions,87789,94.84243164115252
Leitrim County,2,2020-01-08,Pre-restrictions,91978,99.36799801216469
Leitrim County,3,2020-01-15,Pre-restrictions,98110,105.99267525901277
Leitrim County,4,2020-01-22,Pre-restrictions,100298,108.35647072804468
Leitrim County,6,2020-02-05,Pre-restrictions,96496,104.24899797975434
Leitrim County,7,2020-02-12,Pre-restrictions,99971,108.00319782202392
Leitrim County,8,2020-02-19,Pre-restrictions,102941,111.21182329872627
Leitrim County,9,2020-02-26,Pre-restrictions,97176,104.98363276903298
Leitrim County,10,2020-03-04,Pre-restrictions,103209,111.50135583332433
Leitrim County,11,2020-03-11,Pre-restrictions,80659,87.13956980651017
Leitrim County,12,2020-03-18,School Shutdown,65781,71.06619275520455
Leitrim County,13,2020-03-25,School Shutdown,44937,48.54747577325713
Leitrim County,14,2020-04-01,Full Restrictions,33418,36.10297851193241
Leitrim County,15,2020-04-08,Full Restrictions,28665,30.968097403930294
Leitrim County,16,2020-04-15,Full Restrictions,33435,36.12134438166438
Leitrim County,17,2020-04-22,Full Restrictions,35944,38.83193068504694
Leitrim County,18,2020-04-29,Full Restrictions,33662,36.36658275985005
Leitrim County,19,2020-05-06,Full Restrictions,41105,44.40759266661625
Leitrim County,20,2020-05-13,Full Restrictions,46664,50.413232068969236
Leitrim County,21,2020-05-20,Phase 1,55553,60.016421248230934
Leitrim County,22,2020-05-27,Phase 1,56572,61.11729308687056
Leitrim County,23,2020-06-03,Phase 1,63772,68.89577909099748
Leitrim County,24,2020-06-10,Phase 2,72106,77.89937664077439
Leitrim County,25,2020-06-17,Phase 2,76459,82.60211963743612
Leitrim County,26,2020-06-24,Phase 2,84210,90.97587588993441
Leitrim County,27,2020-07-01,Phase 3,100641,108.72702915851906
Leitrim County,28,2020-07-08,Phase 3,111436,120.38935643831769
Leitrim County,29,2020-07-15,Phase 3,114629,123.8388989120923
Leitrim County,30,2020-07-22,Phase 3,117203,126.61970765856768
Leitrim County,31,2020-07-29,Phase 3,124840,134.87030454933398
Leitrim County,32,2020-08-05,Phase 3,127696,137.9557706643043
Leitrim County,33,2020-08-12,Phase 3,124037,134.00278729081813
Leitrim County,34,2020-08-19,Phase 3,113538,122.66024221341141
Leitrim County,35,2020-08-26,Phase 3,113521,122.64187634367944
Leitrim County,36,2020-09-02,Phase 3,106007,114.52416192215031
Leitrim County,37,2020-09-09,Phase 3,106149,114.67757095167616
Leitrim County,38,2020-09-16,Phase 3,107906,116.57573760573881
Leitrim County,39,2020-09-23,Phase 3,88801,95.93574106284368
Leitrim County,40,2020-09-30,Phase 3,79619,86.01601071702515
Leitrim County,41,2020-10-07,Level 3,65814,71.10184414939015
Leitrim County,42,2020-10-14,Level 3,67579,73.0086535656796
Leitrim County,43,2020-10-21,Level 5,55516,59.976448472931956
Leitrim County,44,2020-10-28,Level 5,53612,57.91947106295172
Leitrim County,45,2020-11-04,Level 5,64688,69.88537536596696
Leitrim County,46,2020-11-11,Level 5,65811,71.09860311355509
Leitrim County,47,2020-11-18,Level 5,36731,39.68216241910915
Leitrim County,48,2020-11-25,Level 5,0,0
Limerick County,1,2020-01-01,Pre-restrictions,1360912,93.50150391500362
Limerick County,2,2020-01-08,Pre-restrictions,1501844,103.18424163041013
Limerick County,3,2020-01-15,Pre-restrictions,1569543,107.83550366171106
Limerick County,4,2020-01-22,Pre-restrictions,1550659,106.53807781791593
Limerick County,6,2020-02-05,Pre-restrictions,1471830,101.12212876895772
Limerick County,7,2020-02-12,Pre-restrictions,1543179,106.02416417082911
Limerick County,8,2020-02-19,Pre-restrictions,1624901,111.63887688035179
Limerick County,9,2020-02-26,Pre-restrictions,1617261,111.11397042797968
Limerick County,10,2020-03-04,Pre-restrictions,1613162,110.83234849757741
Limerick County,11,2020-03-11,Pre-restrictions,1198142,82.3183856882225
Limerick County,12,2020-03-18,School Shutdown,971331,66.73532844097517
Limerick County,13,2020-03-25,School Shutdown,680861,46.77857749588018
Limerick County,14,2020-04-01,Full Restrictions,520575,35.76612257115303
Limerick County,15,2020-04-08,Full Restrictions,443477,30.469101934374937
Limerick County,16,2020-04-15,Full Restrictions,531509,36.51734340233583
Limerick County,17,2020-04-22,Full Restrictions,557812,38.324491886202786
Limerick County,18,2020-04-29,Full Restrictions,528827,36.33307650374133
Limerick County,19,2020-05-06,Full Restrictions,643421,44.20626105912472
Limerick County,20,2020-05-13,Full Restrictions,730004,50.15494893422081
Limerick County,21,2020-05-20,Phase 1,858337,58.97207193844456
Limerick County,22,2020-05-27,Phase 1,848098,58.268601105219695
Limerick County,23,2020-06-03,Phase 1,993598,68.26518341152094
Limerick County,24,2020-06-10,Phase 2,1102295,75.73321438710875
Limerick County,25,2020-06-17,Phase 2,1173081,80.59656885538254
Limerick County,26,2020-06-24,Phase 2,1255030,86.22687760740371
Limerick County,27,2020-07-01,Phase 3,1371205,94.20868482001228
Limerick County,28,2020-07-08,Phase 3,1417096,97.36162749092959
Limerick County,29,2020-07-15,Phase 3,1472434,101.16362660890965
Limerick County,30,2020-07-22,Phase 3,1481851,101.8106219049814
Limerick County,31,2020-07-29,Phase 3,1483241,101.90612190089725
Limerick County,32,2020-08-05,Phase 3,1444704,99.2584360429046
Limerick County,33,2020-08-12,Phase 3,1425578,97.94438358111549
Limerick County,34,2020-08-19,Phase 3,1393979,95.77337324230578
Limerick County,35,2020-08-26,Phase 3,1409805,96.860699095086
Limerick County,36,2020-09-02,Phase 3,1393402,95.73373043824573
Limerick County,37,2020-09-09,Phase 3,1368441,94.01878410870907
Limerick County,38,2020-09-16,Phase 3,1378302,94.69628443944747
Limerick County,39,2020-09-23,Phase 3,1361022,93.50906146863726
Limerick County,40,2020-09-30,Phase 3,1320058,90.69462849547352
Limerick County,41,2020-10-07,Level 3,1123521,77.19154741826716
Limerick County,42,2020-10-14,Level 3,1143052,78.53342541843465
Limerick County,43,2020-10-21,Level 5,870339,59.79666974490661
Limerick County,44,2020-10-28,Level 5,835334,57.39165006358651
Limerick County,45,2020-11-04,Level 5,1007498,69.2201833706796
Limerick County,46,2020-11-11,Level 5,1030693,70.81379661188
Limerick County,47,2020-11-18,Level 5,579491,39.813948297325155
Limerick County,48,2020-11-25,Level 5,0,0
Longford County,1,2020-01-01,Pre-restrictions,138642,93.60618991033812
Longford County,2,2020-01-08,Pre-restrictions,149286,100.79264340499081
Longford County,3,2020-01-15,Pre-restrictions,156313,105.53702603435238
Longford County,4,2020-01-22,Pre-restrictions,158003,106.67805444528464
Longford County,6,2020-02-05,Pre-restrictions,155682,105.11099708328832
Longford County,7,2020-02-12,Pre-restrictions,156826,105.88338554607324
Longford County,8,2020-02-19,Pre-restrictions,163462,110.36377876201793
Longford County,9,2020-02-26,Pre-restrictions,158426,106.96364913038781
Longford County,10,2020-03-04,Pre-restrictions,163653,110.49273522739549
Longford County,11,2020-03-11,Pre-restrictions,127231,85.90188505995464
Longford County,12,2020-03-18,School Shutdown,104448,70.51960678405531
Longford County,13,2020-03-25,School Shutdown,75570,51.022199416657664
Longford County,14,2020-04-01,Full Restrictions,58182,39.282434914119044
Longford County,15,2020-04-08,Full Restrictions,50351,33.9952198336394
Longford County,16,2020-04-15,Full Restrictions,60749,41.01558280220374
Longford County,17,2020-04-22,Full Restrictions,63294,42.733877066004105
Longford County,18,2020-04-29,Full Restrictions,58043,39.18858701523172
Longford County,19,2020-05-06,Full Restrictions,71983,48.60038349357243
Longford County,20,2020-05-13,Full Restrictions,80546,54.38181916387599
Longford County,21,2020-05-20,Phase 1,94191,63.5944420438587
Longford County,22,2020-05-27,Phase 1,95274,64.32564545749163
Longford County,23,2020-06-03,Phase 1,109525,73.94741817003349
Longford County,24,2020-06-10,Phase 2,118132,79.7585610889057
Longford County,25,2020-06-17,Phase 2,126079,85.12409527924814
Longford County,26,2020-06-24,Phase 2,135309,91.35586583126283
Longford County,27,2020-07-01,Phase 3,152532,102.98422815166902
Longford County,28,2020-07-08,Phase 3,158876,107.2674732634763
Longford County,29,2020-07-15,Phase 3,164596,111.12941557740088
Longford County,30,2020-07-22,Phase 3,165448,111.7046559360484
Longford County,31,2020-07-29,Phase 3,171858,116.03246192070867
Longford County,32,2020-08-05,Phase 3,169002,114.10419142270713
Longford County,33,2020-08-12,Phase 3,168066,113.4722372258831
Longford County,34,2020-08-19,Phase 3,163525,110.40631414065032
Longford County,35,2020-08-26,Phase 3,161490,109.03235389435022
Longford County,36,2020-09-02,Phase 3,158246,106.84211947715244
Longford County,37,2020-09-09,Phase 3,162980,110.03834935724316
Longford County,38,2020-09-16,Phase 3,159157,107.45719455547153
Longford County,39,2020-09-23,Phase 3,149362,100.84395592524575
Longford County,40,2020-09-30,Phase 3,144807,97.76858053365021
Longford County,41,2020-10-07,Level 3,122703,82.84473911634439
Longford County,42,2020-10-14,Level 3,123143,83.14181160203088
Longford County,43,2020-10-21,Level 5,99637,67.27138921896942
Longford County,44,2020-10-28,Level 5,95438,64.43637247488387
Longford County,45,2020-11-04,Level 5,115105,77.71483742033057
Longford County,46,2020-11-11,Level 5,116769,78.83831154801771
Longford County,47,2020-11-18,Level 5,64991,43.87963163011775
Longford County,48,2020-11-25,Level 5,0,0
Louth County,1,2020-01-01,Pre-restrictions,1986094,89.41160852294303
Louth County,2,2020-01-08,Pre-restrictions,2270300,102.20622731332836
Louth County,3,2020-01-15,Pre-restrictions,2385151,107.37668382267206
Louth County,4,2020-01-22,Pre-restrictions,2424722,109.15812355355156
Louth County,6,2020-02-05,Pre-restrictions,2369147,106.65620262550762
Louth County,7,2020-02-12,Pre-restrictions,2414494,108.69767106138721
Louth County,8,2020-02-19,Pre-restrictions,2434980,109.61992661031945
Louth County,9,2020-02-26,Pre-restrictions,2299552,103.52311783941278
Louth County,10,2020-03-04,Pre-restrictions,2396706,107.89687628913269
Louth County,11,2020-03-11,Pre-restrictions,1782464,80.24442618236554
Louth County,12,2020-03-18,School Shutdown,1443018,64.96296776867571
Louth County,13,2020-03-25,School Shutdown,859338,38.68638284234724
Louth County,14,2020-04-01,Full Restrictions,614321,27.656006593556437
Louth County,15,2020-04-08,Full Restrictions,490270,22.071376939129404
Louth County,16,2020-04-15,Full Restrictions,608884,27.41123926857623
Louth County,17,2020-04-22,Full Restrictions,658194,29.63111728858249
Louth County,18,2020-04-29,Full Restrictions,599370,26.982930213975955
Louth County,19,2020-05-06,Full Restrictions,755421,34.008162112171
Louth County,20,2020-05-13,Full Restrictions,907266,40.84404485295078
Louth County,21,2020-05-20,Phase 1,1108554,49.90579311681248
Louth County,22,2020-05-27,Phase 1,1133320,51.02072921584869
Louth County,23,2020-06-03,Phase 1,1345507,60.57313760017375
Louth County,24,2020-06-10,Phase 2,1483186,66.77128373516548
Louth County,25,2020-06-17,Phase 2,1573001,70.81464906404122
Louth County,26,2020-06-24,Phase 2,1647066,74.1489679760624
Louth County,27,2020-07-01,Phase 3,1874615,84.39295547503635
Louth County,28,2020-07-08,Phase 3,1988673,89.5277120600267
Louth County,29,2020-07-15,Phase 3,2036627,91.6865445599533
Louth County,30,2020-07-22,Phase 3,2037449,91.72355003009008
Louth County,31,2020-07-29,Phase 3,2053982,92.46784618309685
Louth County,32,2020-08-05,Phase 3,2165233,97.47623494001668
Louth County,33,2020-08-12,Phase 3,2174503,97.89355940250822
Louth County,34,2020-08-19,Phase 3,2085350,93.87999653255044
Louth County,35,2020-08-26,Phase 3,2076389,93.47658288547528
Louth County,36,2020-09-02,Phase 3,2045215,92.07316618712453
Louth County,37,2020-09-09,Phase 3,2114933,95.21178828809384
Louth County,38,2020-09-16,Phase 3,2050782,92.32378595872005
Louth County,39,2020-09-23,Phase 3,1940562,87.36181160534161
Louth County,40,2020-09-30,Phase 3,1868238,84.10587045914545
Louth County,41,2020-10-07,Level 3,1679350,75.60235556474385
Louth County,42,2020-10-14,Level 3,1664020,74.91221705233873
Louth County,43,2020-10-21,Level 5,1278547,57.5586774050892
Louth County,44,2020-10-28,Level 5,1291770,58.15396126350622
Louth County,45,2020-11-04,Level 5,1511640,68.05224924279597
Louth County,46,2020-11-11,Level 5,1539896,69.32430102404311
Louth County,47,2020-11-18,Level 5,870800,39.202388558536896
Louth County,48,2020-11-25,Level 5,0,0
Mayo County,1,2020-01-01,Pre-restrictions,450065,95.15871826327766
Mayo County,2,2020-01-08,Pre-restrictions,479803,101.44632108445538
Mayo County,3,2020-01-15,Pre-restrictions,505534,106.88671076068526
Mayo County,4,2020-01-22,Pre-restrictions,504708,106.71206687305687
Mayo County,6,2020-02-05,Pre-restrictions,488188,103.21918912048925
Mayo County,7,2020-02-12,Pre-restrictions,503779,106.51564535779445
Mayo County,8,2020-02-19,Pre-restrictions,521777,110.32102149524674
Mayo County,9,2020-02-26,Pre-restrictions,504762,106.72348427006891
Mayo County,10,2020-03-04,Pre-restrictions,525241,111.05342637024035
Mayo County,11,2020-03-11,Pre-restrictions,402690,85.14206671800581
Mayo County,12,2020-03-18,School Shutdown,339292,71.73761975933255
Mayo County,13,2020-03-25,School Shutdown,236309,49.96358649101103
Mayo County,14,2020-04-01,Full Restrictions,181301,38.33306473476165
Mayo County,15,2020-04-08,Full Restrictions,156976,33.18995024740043
Mayo County,16,2020-04-15,Full Restrictions,190680,40.31609744912798
Mayo County,17,2020-04-22,Full Restrictions,199667,42.216248318518126
Mayo County,18,2020-04-29,Full Restrictions,184359,38.979627698887064
Mayo County,19,2020-05-06,Full Restrictions,227813,48.16724936111911
Mayo County,20,2020-05-13,Full Restrictions,258667,54.690811720545355
Mayo County,21,2020-05-20,Phase 1,299867,63.40186277416435
Mayo County,22,2020-05-27,Phase 1,301019,63.64543391042089
Mayo County,23,2020-06-03,Phase 1,347803,73.53712838839448
Mayo County,24,2020-06-10,Phase 2,392301,82.945486392859
Mayo County,25,2020-06-17,Phase 2,414124,87.55959481866307
Mayo County,26,2020-06-24,Phase 2,433958,91.75316245452423
Mayo County,27,2020-07-01,Phase 3,487385,103.04940819825488
Mayo County,28,2020-07-08,Phase 3,521611,110.28592357109868
Mayo County,29,2020-07-15,Phase 3,550941,116.48726161485222
Mayo County,30,2020-07-22,Phase 3,555762,117.50658144809243
Mayo County,31,2020-07-29,Phase 3,567768,120.04504938376597
Mayo County,32,2020-08-05,Phase 3,582553,123.17109039900278
Mayo County,33,2020-08-12,Phase 3,578577,122.33043168567295
Mayo County,34,2020-08-19,Phase 3,542347,114.67020402371624
Mayo County,35,2020-08-26,Phase 3,538915,113.94456501361864
Mayo County,36,2020-09-02,Phase 3,520876,110.13052011176833
Mayo County,37,2020-09-09,Phase 3,520095,109.96539072164997
Mayo County,38,2020-09-16,Phase 3,528362,111.71330963087978
Mayo County,39,2020-09-23,Phase 3,509248,107.67197395517896
Mayo County,40,2020-09-30,Phase 3,486820,102.92994839618461
Mayo County,41,2020-10-07,Level 3,425739,90.01539234263844
Mayo County,42,2020-10-14,Level 3,432099,91.36010799072137
Mayo County,43,2020-10-21,Level 5,318842,67.41380922422312
Mayo County,44,2020-10-28,Level 5,298142,63.03714036961357
Mayo County,45,2020-11-04,Level 5,359836,76.08130502257403
Mayo County,46,2020-11-11,Level 5,369753,78.1780888405046
Mayo County,47,2020-11-18,Level 5,200699,42.43444746141461
Mayo County,48,2020-11-25,Level 5,0,0
Meath County,1,2020-01-01,Pre-restrictions,2248839,88.49044327918755
Meath County,2,2020-01-08,Pre-restrictions,2598211,102.2380184276692
Meath County,3,2020-01-15,Pre-restrictions,2696547,106.10748006111747
Meath County,4,2020-01-22,Pre-restrictions,2742055,107.89819210975647
Meath County,6,2020-02-05,Pre-restrictions,2734950,107.61861469247643
Meath County,7,2020-02-12,Pre-restrictions,2746791,108.08455082168302
Meath County,8,2020-02-19,Pre-restrictions,2821856,111.03831279608502
Meath County,9,2020-02-26,Pre-restrictions,2578524,101.46334698305384
Meath County,10,2020-03-04,Pre-restrictions,2642854,103.99469325379627
Meath County,11,2020-03-11,Pre-restrictions,1896324,74.61919299734754
Meath County,12,2020-03-18,School Shutdown,1599572,62.94218276051624
Meath County,13,2020-03-25,School Shutdown,1130951,44.50223218160146
Meath County,14,2020-04-01,Full Restrictions,792546,31.18620179530281
Meath County,15,2020-04-08,Full Restrictions,664725,26.15652339218501
Meath County,16,2020-04-15,Full Restrictions,810464,31.89126416867702
Meath County,17,2020-04-22,Full Restrictions,858592,33.78507161960647
Meath County,18,2020-04-29,Full Restrictions,793791,31.23519178608587
Meath County,19,2020-05-06,Full Restrictions,1002149,39.43395202671002
Meath County,20,2020-05-13,Full Restrictions,1160555,45.66713152870326
Meath County,21,2020-05-20,Phase 1,1419802,55.8683428865637
Meath County,22,2020-05-27,Phase 1,1336281,52.58184246873877
Meath County,23,2020-06-03,Phase 1,1571779,61.848545159043454
Meath County,24,2020-06-10,Phase 2,1790288,70.44674105945784
Meath County,25,2020-06-17,Phase 2,1891533,74.43067006896068
Meath County,26,2020-06-24,Phase 2,1826415,71.86831647875074
Meath County,27,2020-07-01,Phase 3,2195978,86.41039516450209
Meath County,28,2020-07-08,Phase 3,2262960,89.04609601802098
Meath County,29,2020-07-15,Phase 3,2336623,91.94469014738051
Meath County,30,2020-07-22,Phase 3,2314574,91.077075443143
Meath County,31,2020-07-29,Phase 3,2133384,83.94735943512464
Meath County,32,2020-08-05,Phase 3,2362981,92.98186137393468
Meath County,33,2020-08-12,Phase 3,2366146,93.10640219387716
Meath County,34,2020-08-19,Phase 3,2326603,91.55040925770479
Meath County,35,2020-08-26,Phase 3,2204879,86.76064408655833
Meath County,36,2020-09-02,Phase 3,2346098,92.31752561940422
Meath County,37,2020-09-09,Phase 3,2363758,93.01243585011014
Meath County,38,2020-09-16,Phase 3,2219707,87.3441168442541
Meath County,39,2020-09-23,Phase 3,2128826,83.7680049146514
Meath County,40,2020-09-30,Phase 3,1869613,73.5681314360573
Meath County,41,2020-10-07,Level 3,1754961,69.05664515231472
Meath County,42,2020-10-14,Level 3,1813567,71.36275551362561
Meath County,43,2020-10-21,Level 5,1443551,56.80285155411947
Meath County,44,2020-10-28,Level 5,1417270,55.76871023060972
Meath County,45,2020-11-04,Level 5,1709870,67.28234179938379
Meath County,46,2020-11-11,Level 5,1759121,69.22033861549345
Meath County,47,2020-11-18,Level 5,937898,36.90571435779238
Meath County,48,2020-11-25,Level 5,0,0
Monaghan County,1,2020-01-01,Pre-restrictions,324584,89.8819790886563
Monaghan County,2,2020-01-08,Pre-restrictions,361299,100.0488907732742
Monaghan County,3,2020-01-15,Pre-restrictions,378815,104.89932315970391
Monaghan County,4,2020-01-22,Pre-restrictions,389617,107.89055235804908
Monaghan County,6,2020-02-05,Pre-restrictions,381413,105.61874673471787
Monaghan County,7,2020-02-12,Pre-restrictions,391562,108.42915083895828
Monaghan County,8,2020-02-19,Pre-restrictions,402945,111.58126729561104
Monaghan County,9,2020-02-26,Pre-restrictions,393505,108.96719549109535
Monaghan County,10,2020-03-04,Pre-restrictions,400190,110.81836816198386
Monaghan County,11,2020-03-11,Pre-restrictions,310622,86.01570043032496
Monaghan County,12,2020-03-18,School Shutdown,265817,73.60855136238801
Monaghan County,13,2020-03-25,School Shutdown,185827,51.458169620522675
Monaghan County,14,2020-04-01,Full Restrictions,136313,37.747030708574684
Monaghan County,15,2020-04-08,Full Restrictions,115176,31.89389133017979
Monaghan County,16,2020-04-15,Full Restrictions,140198,38.822843098462755
Monaghan County,17,2020-04-22,Full Restrictions,147742,40.91188522698672
Monaghan County,18,2020-04-29,Full Restrictions,145062,40.1697546723149
Monaghan County,19,2020-05-06,Full Restrictions,174074,48.20359484102345
Monaghan County,20,2020-05-13,Full Restrictions,199351,55.20315977775467
Monaghan County,21,2020-05-20,Phase 1,232401,64.35518023742024
Monaghan County,22,2020-05-27,Phase 1,237185,65.67993866038665
Monaghan County,23,2020-06-03,Phase 1,265598,73.54790711183834
Monaghan County,24,2020-06-10,Phase 2,286536,79.34594052740499
Monaghan County,25,2020-06-17,Phase 2,294277,81.48953478998506
Monaghan County,26,2020-06-24,Phase 2,321519,89.03323649534691
Monaghan County,27,2020-07-01,Phase 3,346165,95.85806845446697
Monaghan County,28,2020-07-08,Phase 3,360034,99.69859407489365
Monaghan County,29,2020-07-15,Phase 3,369029,102.18943897760748
Monaghan County,30,2020-07-22,Phase 3,374057,103.58176451077537
Monaghan County,31,2020-07-29,Phase 3,372255,103.08276478707437
Monaghan County,32,2020-08-05,Phase 3,382374,105.88486145973266
Monaghan County,33,2020-08-12,Phase 3,382701,105.97541246397806
Monaghan County,34,2020-08-19,Phase 3,376708,104.3158645482511
Monaghan County,35,2020-08-26,Phase 3,377954,104.66089987329627
Monaghan County,36,2020-09-02,Phase 3,372319,103.10048730778296
Monaghan County,37,2020-09-09,Phase 3,375570,104.00073597690165
Monaghan County,38,2020-09-16,Phase 3,353912,98.00332420336346
Monaghan County,39,2020-09-23,Phase 3,286176,79.24625134841922
Monaghan County,40,2020-09-30,Phase 3,276469,76.55824340282244
Monaghan County,41,2020-10-07,Level 3,245698,68.03731082901399
Monaghan County,42,2020-10-14,Level 3,238958,66.17090786689155
Monaghan County,43,2020-10-21,Level 5,204858,56.72812730185084
Monaghan County,44,2020-10-28,Level 5,198171,54.876400802190204
Monaghan County,45,2020-11-04,Level 5,232781,64.46040770412745
Monaghan County,46,2020-11-11,Level 5,238754,66.11441733213296
Monaghan County,47,2020-11-18,Level 5,131691,36.46713241615186
Monaghan County,48,2020-11-25,Level 5,0,0
North Tipperary,1,2020-01-01,Pre-restrictions,695017,91.53194386704881
North Tipperary,2,2020-01-08,Pre-restrictions,743411,97.90530867899149
North Tipperary,3,2020-01-15,Pre-restrictions,804374,105.933978328751
North Tipperary,4,2020-01-22,Pre-restrictions,826897,108.90019925819234
North Tipperary,6,2020-02-05,Pre-restrictions,793335,104.48017053937555
North Tipperary,7,2020-02-12,Pre-restrictions,802244,105.65346282994044
North Tipperary,8,2020-02-19,Pre-restrictions,868494,114.37841672486961
North Tipperary,9,2020-02-26,Pre-restrictions,822154,108.27555840802405
North Tipperary,10,2020-03-04,Pre-restrictions,834278,109.8722578951504
North Tipperary,11,2020-03-11,Pre-restrictions,614086,80.87354018900335
North Tipperary,12,2020-03-18,School Shutdown,466976,61.499533132655735
North Tipperary,13,2020-03-25,School Shutdown,335482,44.18211294458304
North Tipperary,14,2020-04-01,Full Restrictions,247094,32.54164162586608
North Tipperary,15,2020-04-08,Full Restrictions,207895,27.379234565830927
North Tipperary,16,2020-04-15,Full Restrictions,252362,33.23542362010738
North Tipperary,17,2020-04-22,Full Restrictions,266878,35.14714332937216
North Tipperary,18,2020-04-29,Full Restrictions,249550,32.86509048271054
North Tipperary,19,2020-05-06,Full Restrictions,310088,40.83778873012521
North Tipperary,20,2020-05-13,Full Restrictions,353655,46.57545010884792
North Tipperary,21,2020-05-20,Phase 1,411991,54.25815064340773
North Tipperary,22,2020-05-27,Phase 1,405841,53.44821152712373
North Tipperary,23,2020-06-03,Phase 1,474814,62.53177748931166
North Tipperary,24,2020-06-10,Phase 2,527139,69.42284484858968
North Tipperary,25,2020-06-17,Phase 2,563887,74.26246153886676
North Tipperary,26,2020-06-24,Phase 2,626315,82.48406790494431
North Tipperary,27,2020-07-01,Phase 3,722899,95.20393125570415
North Tipperary,28,2020-07-08,Phase 3,744692,98.07401307052966
North Tipperary,29,2020-07-15,Phase 3,770357,101.45402728507091
North Tipperary,30,2020-07-22,Phase 3,785004,103.38299935599962
North Tipperary,31,2020-07-29,Phase 3,814576,107.27755537986144
North Tipperary,32,2020-08-05,Phase 3,799121,105.24217179576891
North Tipperary,33,2020-08-12,Phase 3,783383,103.16951784258559
North Tipperary,34,2020-08-19,Phase 3,751411,98.95888801724709
North Tipperary,35,2020-08-26,Phase 3,763340,100.52990650800346
North Tipperary,36,2020-09-02,Phase 3,757220,99.72391831423793
North Tipperary,37,2020-09-09,Phase 3,777920,102.45005485197429
North Tipperary,38,2020-09-16,Phase 3,751098,98.91766672563784
North Tipperary,39,2020-09-23,Phase 3,716465,94.35659007291207
North Tipperary,40,2020-09-30,Phase 3,690033,90.87556393931558
North Tipperary,41,2020-10-07,Level 3,561752,73.9812875529698
North Tipperary,42,2020-10-14,Level 3,563031,74.14972854967341
North Tipperary,43,2020-10-21,Level 5,453856,59.77166301791655
North Tipperary,44,2020-10-28,Level 5,440792,58.05116795854516
North Tipperary,45,2020-11-04,Level 5,517289,68.12562528836247
North Tipperary,46,2020-11-11,Level 5,521937,68.73775488388897
North Tipperary,47,2020-11-18,Level 5,293646,38.672419795175394
North Tipperary,48,2020-11-25,Level 5,0,0
Offaly County,1,2020-01-01,Pre-restrictions,467741,92.02584708692339
Offaly County,2,2020-01-08,Pre-restrictions,501162,98.6012720239977
Offaly County,3,2020-01-15,Pre-restrictions,538571,105.96131724918581
Offaly County,4,2020-01-22,Pre-restrictions,551562,108.51723554479432
Offaly County,6,2020-02-05,Pre-restrictions,530142,104.30295104845575
Offaly County,7,2020-02-12,Pre-restrictions,539652,106.17399892708225
Offaly County,8,2020-02-19,Pre-restrictions,575389,113.20508599737411
Offaly County,9,2020-02-26,Pre-restrictions,553229,108.84520997315083
Offaly County,10,2020-03-04,Pre-restrictions,566688,111.49320507288103
Offaly County,11,2020-03-11,Pre-restrictions,416556,81.95543849938419
Offaly County,12,2020-03-18,School Shutdown,332250,65.36862856715639
Offaly County,13,2020-03-25,School Shutdown,234116,46.06122451656399
Offaly County,14,2020-04-01,Full Restrictions,173119,34.06035096739668
Offaly County,15,2020-04-08,Full Restrictions,147662,29.05180566285462
Offaly County,16,2020-04-15,Full Restrictions,178977,35.212884981381336
Offaly County,17,2020-04-22,Full Restrictions,188038,36.99559421673725
Offaly County,18,2020-04-29,Full Restrictions,177960,35.01279500319384
Offaly County,19,2020-05-06,Full Restrictions,221925,43.662702467317324
Offaly County,20,2020-05-13,Full Restrictions,251776,49.53574665500186
Offaly County,21,2020-05-20,Phase 1,293666,57.777407605124296
Offaly County,22,2020-05-27,Phase 1,291908,57.431529353744125
Offaly County,23,2020-06-03,Phase 1,337792,66.45899106382811
Offaly County,24,2020-06-10,Phase 2,371369,73.06510826894296
Offaly County,25,2020-06-17,Phase 2,393553,77.4297061805571
Offaly County,26,2020-06-24,Phase 2,427731,84.1540673157513
Offaly County,27,2020-07-01,Phase 3,449782,88.49249810140778
Offaly County,28,2020-07-08,Phase 3,439668,86.50261605677808
Offaly County,29,2020-07-15,Phase 3,504121,99.18344139022858
Offaly County,30,2020-07-22,Phase 3,455902,89.69657938607595
Offaly County,31,2020-07-29,Phase 3,475121,93.47782745961148
Offaly County,32,2020-08-05,Phase 3,446465,87.83989391492996
Offaly County,33,2020-08-12,Phase 3,439671,86.50320629270193
Offaly County,34,2020-08-19,Phase 3,437079,85.99324245448953
Offaly County,35,2020-08-26,Phase 3,442334,87.02713904777895
Offaly County,36,2020-09-02,Phase 3,438345,86.24232201435717
Offaly County,37,2020-09-09,Phase 3,448489,88.23810641822544
Offaly County,38,2020-09-16,Phase 3,423672,83.35547811077286
Offaly County,39,2020-09-23,Phase 3,396229,77.9561966246375
Offaly County,40,2020-09-30,Phase 3,389830,76.69722339905064
Offaly County,41,2020-10-07,Level 3,330612,65.0463597527305
Offaly County,42,2020-10-14,Level 3,332532,65.42411074399894
Offaly County,43,2020-10-21,Level 5,268421,52.81057230586813
Offaly County,44,2020-10-28,Level 5,259457,51.04694736538359
Offaly County,45,2020-11-04,Level 5,351615,69.17860145565295
Offaly County,46,2020-11-11,Level 5,369013,72.60157632340731
Offaly County,47,2020-11-18,Level 5,207736,40.87108329278194
Offaly County,48,2020-11-25,Level 5,0,0
Roscommon County,1,2020-01-01,Pre-restrictions,317899,95.21716210630571
Roscommon County,2,2020-01-08,Pre-restrictions,332490,99.58746088765797
Roscommon County,3,2020-01-15,Pre-restrictions,351852,105.38677039382908
Roscommon County,4,2020-01-22,Pre-restrictions,354867,106.28982370242872
Roscommon County,6,2020-02-05,Pre-restrictions,348419,104.35851765471715
Roscommon County,7,2020-02-12,Pre-restrictions,355644,106.52255087350066
Roscommon County,8,2020-02-19,Pre-restrictions,371878,111.3849612920102
Roscommon County,9,2020-02-26,Pre-restrictions,361178,108.18009548702977
Roscommon County,10,2020-03-04,Pre-restrictions,373026,111.72881044566606
Roscommon County,11,2020-03-11,Pre-restrictions,289961,86.84916763345122
Roscommon County,12,2020-03-18,School Shutdown,242272,72.5653503088053
Roscommon County,13,2020-03-25,School Shutdown,175581,52.59005073871658
Roscommon County,14,2020-04-01,Full Restrictions,135760,40.66285810132169
Roscommon County,15,2020-04-08,Full Restrictions,118783,35.57790419747565
Roscommon County,16,2020-04-15,Full Restrictions,141250,42.307223827428466
Roscommon County,17,2020-04-22,Full Restrictions,148683,44.53355724129944
Roscommon County,18,2020-04-29,Full Restrictions,144131,43.17014143342366
Roscommon County,19,2020-05-06,Full Restrictions,172222,51.58396249208768
Roscommon County,20,2020-05-13,Full Restrictions,192927,57.78552758480914
Roscommon County,21,2020-05-20,Phase 1,221870,66.45453982719684
Roscommon County,22,2020-05-27,Phase 1,227272,68.07254777845891
Roscommon County,23,2020-06-03,Phase 1,253226,75.84629423663291
Roscommon County,24,2020-06-10,Phase 2,278120,83.30254931599578
Roscommon County,25,2020-06-17,Phase 2,296142,88.70050179612262
Roscommon County,26,2020-06-24,Phase 2,314640,94.24102587654578
Roscommon County,27,2020-07-01,Phase 3,351316,105.22622758341139
Roscommon County,28,2020-07-08,Phase 3,362247,108.50028254735913
Roscommon County,29,2020-07-15,Phase 3,374869,112.28082611656127
Roscommon County,30,2020-07-22,Phase 3,371669,111.32236157675403
Roscommon County,31,2020-07-29,Phase 3,393021,117.71771621861777
Roscommon County,32,2020-08-05,Phase 3,381723,114.33373735276089
Roscommon County,33,2020-08-12,Phase 3,385855,115.57135468978697
Roscommon County,34,2020-08-19,Phase 3,365613,109.50846743516887
Roscommon County,35,2020-08-26,Phase 3,366673,109.82595881398001
Roscommon County,36,2020-09-02,Phase 3,357407,107.0506049309007
Roscommon County,37,2020-09-09,Phase 3,362891,108.69317353599534
Roscommon County,38,2020-09-16,Phase 3,360774,108.05908933887913
Roscommon County,39,2020-09-23,Phase 3,344371,103.146060011861
Roscommon County,40,2020-09-30,Phase 3,331235,99.21156307595233
Roscommon County,41,2020-10-07,Level 3,279379,83.67964520837619
Roscommon County,42,2020-10-14,Level 3,285926,85.64060375278804
Roscommon County,43,2020-10-21,Level 5,229926,68.86747430616154
Roscommon County,44,2020-10-28,Level 5,215164,64.4459575759633
Roscommon County,45,2020-11-04,Level 5,258391,77.39331590791552
Roscommon County,46,2020-11-11,Level 5,261639,78.36615741581986
Roscommon County,47,2020-11-18,Level 5,142967,42.821499957068774
Roscommon County,48,2020-11-25,Level 5,0,0
Sligo County,1,2020-01-01,Pre-restrictions,251951,90.71966931290491
Sligo County,2,2020-01-08,Pre-restrictions,279095,100.49337413578512
Sligo County,3,2020-01-15,Pre-restrictions,299349,107.78620560803003
Sligo County,4,2020-01-22,Pre-restrictions,302005,108.74254807817331
Sligo County,6,2020-02-05,Pre-restrictions,290575,104.62696282450692
Sligo County,7,2020-02-12,Pre-restrictions,297814,107.23350015182898
Sligo County,8,2020-02-19,Pre-restrictions,305342,109.94409733377128
Sligo County,9,2020-02-26,Pre-restrictions,295041,106.235029643656
Sligo County,10,2020-03-04,Pre-restrictions,305390,109.96138063142449
Sligo County,11,2020-03-11,Pre-restrictions,233597,84.11096837276553
Sligo County,12,2020-03-18,School Shutdown,190622,68.63701594264187
Sligo County,13,2020-03-25,School Shutdown,134502,48.42996043645128
Sligo County,14,2020-04-01,Full Restrictions,103986,37.44210395343432
Sligo County,15,2020-04-08,Full Restrictions,90889,32.726284175020595
Sligo County,16,2020-04-15,Full Restrictions,109596,39.462089366651156
Sligo County,17,2020-04-22,Full Restrictions,114679,41.292318574384
Sligo County,18,2020-04-29,Full Restrictions,109693,39.497016030658656
Sligo County,19,2020-05-06,Full Restrictions,131129,47.21544870761342
Sligo County,20,2020-05-13,Full Restrictions,146261,52.66400829278227
Sligo County,21,2020-05-20,Phase 1,168028,60.50162370980383
Sligo County,22,2020-05-27,Phase 1,167317,60.24561486331592
Sligo County,23,2020-06-03,Phase 1,190686,68.66006033951278
Sligo County,24,2020-06-10,Phase 2,213155,76.75044398471229
Sligo County,25,2020-06-17,Phase 2,224049,80.67303241458471
Sligo County,26,2020-06-24,Phase 2,237836,85.63729959676307
Sligo County,27,2020-07-01,Phase 3,265439,95.57627595345193
Sligo County,28,2020-07-08,Phase 3,283587,102.11080274116301
Sligo County,29,2020-07-15,Phase 3,293596,105.71473037055472
Sligo County,30,2020-07-22,Phase 3,297979,107.29291148751183
Sligo County,31,2020-07-29,Phase 3,304562,109.66324374690693
Sligo County,32,2020-08-05,Phase 3,316236,113.86668576364372
Sligo County,33,2020-08-12,Phase 3,312912,112.66981740116016
Sligo County,34,2020-08-19,Phase 3,294744,106.1280892394269
Sligo County,35,2020-08-26,Phase 3,301120,108.42388727769259
Sligo County,36,2020-09-02,Phase 3,291654,105.01547695300263
Sligo County,37,2020-09-09,Phase 3,292689,105.3881480586496
Sligo County,38,2020-09-16,Phase 3,300901,108.3450322321499
Sligo County,39,2020-09-23,Phase 3,285934,102.9558839826639
Sligo County,40,2020-09-30,Phase 3,267199,96.20999686740231
Sligo County,41,2020-10-07,Level 3,227150,81.78960545672115
Sligo County,42,2020-10-14,Level 3,235303,84.72524557685607
Sligo County,43,2020-10-21,Level 5,181354,65.29989922077132
Sligo County,44,2020-10-28,Level 5,171149,61.62539812596244
Sligo County,45,2020-11-04,Level 5,209133,75.30224766885523
Sligo County,46,2020-11-11,Level 5,210958,75.95937304837764
Sligo County,47,2020-11-18,Level 5,114856,41.35605073448014
Sligo County,48,2020-11-25,Level 5,0,0
South Dublin,1,2020-01-01,Pre-restrictions,6023633,89.56302061594883
South Dublin,2,2020-01-08,Pre-restrictions,6991750,103.95757002320032
South Dublin,3,2020-01-15,Pre-restrictions,7184015,106.81628239142151
South Dublin,4,2020-01-22,Pre-restrictions,7308933,108.67363880893619
South Dublin,6,2020-02-05,Pre-restrictions,7154956,106.38421559451028
South Dublin,7,2020-02-12,Pre-restrictions,7149835,106.30807346756225
South Dublin,8,2020-02-19,Pre-restrictions,7358957,109.41742591271428
South Dublin,9,2020-02-26,Pre-restrictions,7176935,106.71101266699428
South Dublin,10,2020-03-04,Pre-restrictions,7375057,109.65681045555027
South Dublin,11,2020-03-11,Pre-restrictions,5527529,82.18664612904787
South Dublin,12,2020-03-18,School Shutdown,4687585,69.69785044905831
South Dublin,13,2020-03-25,School Shutdown,3076648,45.745464282438476
South Dublin,14,2020-04-01,Full Restrictions,2158340,32.0915052288589
South Dublin,15,2020-04-08,Full Restrictions,1817224,27.01958611618553
South Dublin,16,2020-04-15,Full Restrictions,2258705,33.5837927842461
South Dublin,17,2020-04-22,Full Restrictions,2391794,35.562640574401314
South Dublin,18,2020-04-29,Full Restrictions,2170522,32.27263457673641
South Dublin,19,2020-05-06,Full Restrictions,2802660,41.67164489594487
South Dublin,20,2020-05-13,Full Restrictions,3297829,49.034117237035176
South Dublin,21,2020-05-20,Phase 1,4090906,60.82606599968968
South Dublin,22,2020-05-27,Phase 1,4037944,60.03859493399529
South Dublin,23,2020-06-03,Phase 1,4750164,70.62831289043305
South Dublin,24,2020-06-10,Phase 2,5381145,80.01012023348865
South Dublin,25,2020-06-17,Phase 2,5661492,84.1784890800999
South Dublin,26,2020-06-24,Phase 2,5898443,87.70161993783469
South Dublin,27,2020-07-01,Phase 3,6309131,93.80797764766243
South Dublin,28,2020-07-08,Phase 3,6461930,96.07988564522742
South Dublin,29,2020-07-15,Phase 3,6587065,97.94046855005857
South Dublin,30,2020-07-22,Phase 3,6475559,96.28252986474989
South Dublin,31,2020-07-29,Phase 3,6091069,90.56569987251328
South Dublin,32,2020-08-05,Phase 3,6253140,92.97546957698356
South Dublin,33,2020-08-12,Phase 3,6167525,91.70249394748647
South Dublin,34,2020-08-19,Phase 3,6147029,91.39774701643265
South Dublin,35,2020-08-26,Phase 3,6174529,91.8066336579227
South Dublin,36,2020-09-02,Phase 3,6445515,95.83581749177073
South Dublin,37,2020-09-09,Phase 3,6610734,98.29239356523777
South Dublin,38,2020-09-16,Phase 3,6109596,90.84117052003641
South Dublin,39,2020-09-23,Phase 3,5956221,88.56069820590785
South Dublin,40,2020-09-30,Phase 3,5642934,83.90255750581727
South Dublin,41,2020-10-07,Level 3,5178819,77.00181482890267
South Dublin,42,2020-10-14,Level 3,5663306,84.20546072983309
South Dublin,43,2020-10-21,Level 5,4383472,65.1761143325688
South Dublin,44,2020-10-28,Level 5,4344994,64.60400014379594
South Dublin,45,2020-11-04,Level 5,5072851,75.4262184788875
South Dublin,46,2020-11-11,Level 5,5113919,76.03684235498616
South Dublin,47,2020-11-18,Level 5,2798111,41.604007611139856
South Dublin,48,2020-11-25,Level 5,0,0
South Tipperary,1,2020-01-01,Pre-restrictions,430330,89.29504783305086
South Tipperary,2,2020-01-08,Pre-restrictions,487124,101.08001041207228
South Tipperary,3,2020-01-15,Pre-restrictions,512938,106.43650976085664
South Tipperary,4,2020-01-22,Pre-restrictions,522542,108.42937486296111
South Tipperary,6,2020-02-05,Pre-restrictions,503939,104.5691843699947
South Tipperary,7,2020-02-12,Pre-restrictions,522858,108.49494601792415
South Tipperary,8,2020-02-19,Pre-restrictions,533743,110.75362330201489
South Tipperary,9,2020-02-26,Pre-restrictions,519113,107.71784483015018
South Tipperary,10,2020-03-04,Pre-restrictions,528207,109.60488306823204
South Tipperary,11,2020-03-11,Pre-restrictions,395539,82.07578817381335
South Tipperary,12,2020-03-18,School Shutdown,328333,68.13029753949083
South Tipperary,13,2020-03-25,School Shutdown,234696,48.70027780128205
South Tipperary,14,2020-04-01,Full Restrictions,180044,37.35978805115565
South Tipperary,15,2020-04-08,Full Restrictions,146543,30.408208106798902
South Tipperary,16,2020-04-15,Full Restrictions,180756,37.507530653477424
South Tipperary,17,2020-04-22,Full Restrictions,194981,40.45927014508886
South Tipperary,18,2020-04-29,Full Restrictions,180945,37.54674884426228
South Tipperary,19,2020-05-06,Full Restrictions,223139,46.3021580610674
South Tipperary,20,2020-05-13,Full Restrictions,251201,52.1251256261711
South Tipperary,21,2020-05-20,Phase 1,289122,59.993871725390576
South Tipperary,22,2020-05-27,Phase 1,281707,58.455232123963604
South Tipperary,23,2020-06-03,Phase 1,333279,69.15661061685533
South Tipperary,24,2020-06-10,Phase 2,368912,76.55058835355763
South Tipperary,25,2020-06-17,Phase 2,386758,80.2536985797297
South Tipperary,26,2020-06-24,Phase 2,413060,85.71145971212786
South Tipperary,27,2020-07-01,Phase 3,436562,90.58821061067633
South Tipperary,28,2020-07-08,Phase 3,448899,93.1481832017491
South Tipperary,29,2020-07-15,Phase 3,474407,98.44118643211989
South Tipperary,30,2020-07-22,Phase 3,492957,102.29037923137419
South Tipperary,31,2020-07-29,Phase 3,498193,103.37686836867313
South Tipperary,32,2020-08-05,Phase 3,504761,104.73975237436058
South Tipperary,33,2020-08-12,Phase 3,496077,102.9377906348067
South Tipperary,34,2020-08-19,Phase 3,471431,97.82365555499965
South Tipperary,35,2020-08-26,Phase 3,456735,94.77418184190849
South Tipperary,36,2020-09-02,Phase 3,468658,97.2482479198335
South Tipperary,37,2020-09-09,Phase 3,475166,98.59868170622416
South Tipperary,38,2020-09-16,Phase 3,474593,98.47978211193991
South Tipperary,39,2020-09-23,Phase 3,476807,98.93919520399108
South Tipperary,40,2020-09-30,Phase 3,455784,94.57684586605454
South Tipperary,41,2020-10-07,Level 3,382109,79.28901408788424
South Tipperary,42,2020-10-14,Level 3,388090,80.5300934481182
South Tipperary,43,2020-10-21,Level 5,289508,60.07396813619986
South Tipperary,44,2020-10-28,Level 5,279714,58.041677339655585
South Tipperary,45,2020-11-04,Level 5,338355,70.20989916936287
South Tipperary,46,2020-11-11,Level 5,357580,74.19915693570591
South Tipperary,47,2020-11-18,Level 5,202891,42.10062405571427
South Tipperary,48,2020-11-25,Level 5,0,0
Waterford County,1,2020-01-01,Pre-restrictions,150758,87.97827034205147
Waterford County,2,2020-01-08,Pre-restrictions,168732,98.46740810673418
Waterford County,3,2020-01-15,Pre-restrictions,180928,105.58466215024535
Waterford County,4,2020-01-22,Pre-restrictions,188822,110.19138594652918
Waterford County,6,2020-02-05,Pre-restrictions,180173,105.14406467542976
Waterford County,7,2020-02-12,Pre-restrictions,183529,107.10253504030543
Waterford County,8,2020-02-19,Pre-restrictions,191799,111.92868221477555
Waterford County,9,2020-02-26,Pre-restrictions,186695,108.95012657045928
Waterford County,10,2020-03-04,Pre-restrictions,192367,112.2601515733123
Waterford County,11,2020-03-11,Pre-restrictions,146952,85.75719221072944
Waterford County,12,2020-03-18,School Shutdown,125775,73.39887072176285
Waterford County,13,2020-03-25,School Shutdown,88319,51.54056738839494
Waterford County,14,2020-04-01,Full Restrictions,66012,38.522808619240784
Waterford County,15,2020-04-08,Full Restrictions,57835,33.75093371650292
Waterford County,16,2020-04-15,Full Restrictions,69072,40.308541431076165
Waterford County,17,2020-04-22,Full Restrictions,72216,42.14329435931486
Waterford County,18,2020-04-29,Full Restrictions,68397,39.91462978140659
Waterford County,19,2020-05-06,Full Restrictions,82538,48.16693294878046
Waterford County,20,2020-05-13,Full Restrictions,93282,54.43683926589134
Waterford County,21,2020-05-20,Phase 1,108713,63.44195136374483
Waterford County,22,2020-05-27,Phase 1,105371,61.49165101826972
Waterford County,23,2020-06-03,Phase 1,123995,72.36011111226385
Waterford County,24,2020-06-10,Phase 2,139906,81.64533816099348
Waterford County,25,2020-06-17,Phase 2,144625,84.3992182717945
Waterford County,26,2020-06-24,Phase 2,154890,90.38959321084357
Waterford County,27,2020-07-01,Phase 3,172268,100.5309215781884
Waterford County,28,2020-07-08,Phase 3,182197,106.32521605162415
Waterford County,29,2020-07-15,Phase 3,194366,113.42671362914855
Waterford County,30,2020-07-22,Phase 3,193416,112.87231945553953
Waterford County,31,2020-07-29,Phase 3,198436,115.80185498345247
Waterford County,32,2020-08-05,Phase 3,204232,119.18424301528184
Waterford County,33,2020-08-12,Phase 3,201955,117.85544771706316
Waterford County,34,2020-08-19,Phase 3,249619,145.6708623390636
Waterford County,35,2020-08-26,Phase 3,262006,152.89957879011092
Waterford County,36,2020-09-02,Phase 3,254511,148.52570054674288
Waterford County,37,2020-09-09,Phase 3,248531,145.03593511707768
Waterford County,38,2020-09-16,Phase 3,253856,148.14346035335984
Waterford County,39,2020-09-23,Phase 3,237411,138.5466054217805
Waterford County,40,2020-09-30,Phase 3,222293,129.7241516148108
Waterford County,41,2020-10-07,Level 3,190261,111.03114722634326
Waterford County,42,2020-10-14,Level 3,194204,113.33217483322787
Waterford County,43,2020-10-21,Level 5,142175,82.96946487669756
Waterford County,44,2020-10-28,Level 5,138462,80.80265901710776
Waterford County,45,2020-11-04,Level 5,167263,97.61013964249032
Waterford County,46,2020-11-11,Level 5,169256,98.77320026144062
Waterford County,47,2020-11-18,Level 5,94197,54.97080839099897
Waterford County,48,2020-11-25,Level 5,0,0
Westmeath County,1,2020-01-01,Pre-restrictions,1154936,91.78493038396131
Westmeath County,2,2020-01-08,Pre-restrictions,1236094,98.23470888259806
Westmeath County,3,2020-01-15,Pre-restrictions,1325637,105.350859060072
Westmeath County,4,2020-01-22,Pre-restrictions,1348039,107.13118802242272
Westmeath County,6,2020-02-05,Pre-restrictions,1316175,104.59889617096556
Westmeath County,7,2020-02-12,Pre-restrictions,1340808,106.55652688829372
Westmeath County,8,2020-02-19,Pre-restrictions,1443102,114.68602295448001
Westmeath County,9,2020-02-26,Pre-restrictions,1388983,110.38508450641918
Westmeath County,10,2020-03-04,Pre-restrictions,1436159,114.13424972059015
Westmeath County,11,2020-03-11,Pre-restrictions,1040966,82.72752069558025
Westmeath County,12,2020-03-18,School Shutdown,815765,64.83037478671736
Westmeath County,13,2020-03-25,School Shutdown,558307,44.36970457919598
Westmeath County,14,2020-04-01,Full Restrictions,386951,30.75172182441643
Westmeath County,15,2020-04-08,Full Restrictions,332864,26.45332647638215
Westmeath County,16,2020-04-15,Full Restrictions,407678,32.398935394751376
Westmeath County,17,2020-04-22,Full Restrictions,445691,35.41989981068917
Westmeath County,18,2020-04-29,Full Restrictions,424494,33.735334458713965
Westmeath County,19,2020-05-06,Full Restrictions,527675,41.93532207876175
Westmeath County,20,2020-05-13,Full Restrictions,605482,48.11879032149111
Westmeath County,21,2020-05-20,Phase 1,727588,57.82278319162762
Westmeath County,22,2020-05-27,Phase 1,723735,57.51657805405341
Westmeath County,23,2020-06-03,Phase 1,833306,66.22439096065692
Westmeath County,24,2020-06-10,Phase 2,927633,73.720734592103085
Westmeath County,25,2020-06-17,Phase 2,983825,78.18641823876018
Westmeath County,26,2020-06-24,Phase 2,1008009,80.10836608384054
Westmeath County,27,2020-07-01,Phase 3,1149534,91.35562331072595
Westmeath County,28,2020-07-08,Phase 3,1207289,95.94552149930581
Westmeath County,29,2020-07-15,Phase 3,1309992,104.10752156270671
Westmeath County,30,2020-07-22,Phase 3,1321213,104.99927548139868
Westmeath County,31,2020-07-29,Phase 3,1347772,107.10996903157604
Westmeath County,32,2020-08-05,Phase 3,1295442,102.95120576937562
Westmeath County,33,2020-08-12,Phase 3,1274977,101.32481383050822
Westmeath County,34,2020-08-19,Phase 3,1275013,101.3276748180381
Westmeath County,35,2020-08-26,Phase 3,1269323,100.87547984456361
Westmeath County,36,2020-09-02,Phase 3,1269304,100.87396987892284
Westmeath County,37,2020-09-09,Phase 3,1280415,101.75698189127347
Westmeath County,38,2020-09-16,Phase 3,1224271,97.29511289465623
Westmeath County,39,2020-09-23,Phase 3,1187331,94.35942180148437
Westmeath County,40,2020-09-30,Phase 3,1089998,86.62418571129228
Westmeath County,41,2020-10-07,Level 3,929523,73.87093643742239
Westmeath County,42,2020-10-14,Level 3,951208,75.59428406480279
Westmeath County,43,2020-10-21,Level 5,771150,61.28473704654782
Westmeath County,44,2020-10-28,Level 5,752751,59.822534003145854
Westmeath County,45,2020-11-04,Level 5,865493,68.78235222800728
Westmeath County,46,2020-11-11,Level 5,880745,69.99445727817127
Westmeath County,47,2020-11-18,Level 5,509584,40.49759637311551
Westmeath County,48,2020-11-25,Level 5,0,0
Wexford County,1,2020-01-01,Pre-restrictions,361787,93.13594698480058
Wexford County,2,2020-01-08,Pre-restrictions,400921,103.21033370766013
Wexford County,3,2020-01-15,Pre-restrictions,423946,109.13773071010917
Wexford County,4,2020-01-22,Pre-restrictions,429462,110.55773165975124
Wexford County,6,2020-02-05,Pre-restrictions,397999,102.45811420532978
Wexford County,7,2020-02-12,Pre-restrictions,406275,104.58863049598204
Wexford County,8,2020-02-19,Pre-restrictions,421786,108.58167522584033
Wexford County,9,2020-02-26,Pre-restrictions,413077,106.33969040523974
Wexford County,10,2020-03-04,Pre-restrictions,422255,108.70241134719316
Wexford County,11,2020-03-11,Pre-restrictions,330157,84.9933382035861
Wexford County,12,2020-03-18,School Shutdown,277949,71.5532712023327
Wexford County,13,2020-03-25,School Shutdown,189483,48.7791950581999
Wexford County,14,2020-04-01,Full Restrictions,138521,35.659889692779345
Wexford County,15,2020-04-08,Full Restrictions,116526,29.99764877773627
Wexford County,16,2020-04-15,Full Restrictions,140134,36.07512927431899
Wexford County,17,2020-04-22,Full Restrictions,146552,37.72733487526222
Wexford County,18,2020-04-29,Full Restrictions,136072,35.029436044180095
Wexford County,19,2020-05-06,Full Restrictions,171035,44.030069329592735
Wexford County,20,2020-05-13,Full Restrictions,199164,51.27140484672148
Wexford County,21,2020-05-20,Phase 1,237906,61.24487779651001
Wexford County,22,2020-05-27,Phase 1,233167,60.02490236134796
Wexford County,23,2020-06-03,Phase 1,279304,71.90209304547356
Wexford County,24,2020-06-10,Phase 2,314128,80.86694313074112
Wexford County,25,2020-06-17,Phase 2,329240,84.75727205586642
Wexford County,26,2020-06-24,Phase 2,355233,91.44873048299598
Wexford County,27,2020-07-01,Phase 3,405829,104.4738153358043
Wexford County,28,2020-07-08,Phase 3,388024,99.89021908700495
Wexford County,29,2020-07-15,Phase 3,405020,104.26555196229808
Wexford County,30,2020-07-22,Phase 3,399491,102.84220438242659
Wexford County,31,2020-07-29,Phase 3,401536,103.36865506082
Wexford County,32,2020-08-05,Phase 3,364607,93.86190831148488
Wexford County,33,2020-08-12,Phase 3,389660,100.31137962971968
Wexford County,34,2020-08-19,Phase 3,337072,86.77348805253008
Wexford County,35,2020-08-26,Phase 3,378522,97.4440898224112
Wexford County,36,2020-09-02,Phase 3,373592,96.17494466618652
Wexford County,37,2020-09-09,Phase 3,373514,96.15486488481014
Wexford County,38,2020-09-16,Phase 3,369542,95.13234063318244
Wexford County,39,2020-09-23,Phase 3,351929,90.5981715385403
Wexford County,40,2020-09-30,Phase 3,338817,87.22270880255282
Wexford County,41,2020-10-07,Level 3,303502,78.13145906785192
Wexford County,42,2020-10-14,Level 3,304147,78.29750341384887
Wexford County,43,2020-10-21,Level 5,231248,59.53088825287024
Wexford County,44,2020-10-28,Level 5,217441,55.97650951615736
Wexford County,45,2020-11-04,Level 5,264502,68.09156837966461
Wexford County,46,2020-11-11,Level 5,267260,68.80156885448567
Wexford County,47,2020-11-18,Level 5,149245,38.42060219893629
Wexford County,48,2020-11-25,Level 5,0,0
Wicklow County,1,2020-01-01,Pre-restrictions,968287,89.79726485978848
Wicklow County,2,2020-01-08,Pre-restrictions,1102043,102.20156540145213
Wicklow County,3,2020-01-15,Pre-restrictions,1147005,106.37126366511342
Wicklow County,4,2020-01-22,Pre-restrictions,1166947,108.22065031993158
Wicklow County,6,2020-02-05,Pre-restrictions,1129975,104.79193086341083
Wicklow County,7,2020-02-12,Pre-restrictions,1144867,106.17298923586856
Wicklow County,8,2020-02-19,Pre-restrictions,1190181,110.37533137188449
Wicklow County,9,2020-02-26,Pre-restrictions,1168926,108.40417936365263
Wicklow County,10,2020-03-04,Pre-restrictions,1184346,109.83420354464228
Wicklow County,11,2020-03-11,Pre-restrictions,928592,86.11601908388805
Wicklow County,12,2020-03-18,School Shutdown,800389,74.2266941762734
Wicklow County,13,2020-03-25,School Shutdown,503387,46.68324140050868
Wicklow County,14,2020-04-01,Full Restrictions,327498,30.371599171579305
Wicklow County,15,2020-04-08,Full Restrictions,264415,24.52139064957081
Wicklow County,16,2020-04-15,Full Restrictions,333512,30.92932714982002
Wicklow County,17,2020-04-22,Full Restrictions,357970,33.19751984882425
Wicklow County,18,2020-04-29,Full Restrictions,328166,30.433548338434107
Wicklow County,19,2020-05-06,Full Restrictions,418331,38.79529478972678
Wicklow County,20,2020-05-13,Full Restrictions,503924,46.73304185350423
Wicklow County,21,2020-05-20,Phase 1,640604,59.40850910756825
Wicklow County,22,2020-05-27,Phase 1,636960,59.07057083807887
Wicklow County,23,2020-06-03,Phase 1,757095,70.21168335320165
Wicklow County,24,2020-06-10,Phase 2,869714,80.65577500293412
Wicklow County,25,2020-06-17,Phase 2,926839,85.95344889003105
Wicklow County,26,2020-06-24,Phase 2,1036820,96.15289697365131
Wicklow County,27,2020-07-01,Phase 3,1184393,109.83856224350784
Wicklow County,28,2020-07-08,Phase 3,1223051,113.42363842954532
Wicklow County,29,2020-07-15,Phase 3,1275897,118.32448524333132
Wicklow County,30,2020-07-22,Phase 3,1247305,115.67291252070768
Wicklow County,31,2020-07-29,Phase 3,1264796,117.29499766660199
Wicklow County,32,2020-08-05,Phase 3,1296905,120.2727308979507
Wicklow County,33,2020-08-12,Phase 3,1267187,117.51673487910175
Wicklow County,34,2020-08-19,Phase 3,1186810,110.06271065112469
Wicklow County,35,2020-08-26,Phase 3,1193763,110.70751986840233
Wicklow County,36,2020-09-02,Phase 3,1167965,108.31505788259355
Wicklow County,37,2020-09-09,Phase 3,1192360,110.57740807035248
Wicklow County,38,2020-09-16,Phase 3,1089274,101.01739038413326
Wicklow County,39,2020-09-23,Phase 3,1011131,93.77054345967962
Wicklow County,40,2020-09-30,Phase 3,998287,92.57941307183063
Wicklow County,41,2020-10-07,Level 3,865553,80.26989104592388
Wicklow County,42,2020-10-14,Level 3,891288,82.65651052048737
Wicklow County,43,2020-10-21,Level 5,675081,62.60584657112083
Wicklow County,44,2020-10-28,Level 5,663809,61.56050074958286
Wicklow County,45,2020-11-04,Level 5,796794,73.89330008219702
Wicklow County,46,2020-11-11,Level 5,807381,74.8751201862267
Wicklow County,47,2020-11-18,Level 5,459157,42.581427553221204
Wicklow County,48,2020-11-25,Level 5,0,0
